index,Index,Number,Street Name,Details,Region,city,state,Address,Coordinates,Latitude,Longitude
0,1,109,East Ann Street,Hoban Block,D,Ann Arbor,Michigan,"109 East Ann Street, Ann Arbor, Michigan","(42.282549, -83.747928)",42.282549,-83.747928
1,1,110,East Ann Street,Hoban Block,D,Ann Arbor,Michigan,"110 East Ann Street, Ann Arbor, Michigan","(42.2823463, -83.7483426)",42.2823463,-83.7483426
2,1,111,East Ann Street,Hoban Block,D,Ann Arbor,Michigan,"111 East Ann Street, Ann Arbor, Michigan","(42.28254099999999, -83.74785)",42.28254099999999,-83.74785
3,1,112,East Ann Street,Hoban Block,D,Ann Arbor,Michigan,"112 East Ann Street, Ann Arbor, Michigan","(42.2823455, -83.7483163)",42.2823455,-83.7483163
4,1,113,East Ann Street,Hoban Block,D,Ann Arbor,Michigan,"113 East Ann Street, Ann Arbor, Michigan","(42.2825159, -83.74776059999999)",42.2825159,-83.74776059999999
5,1,114,East Ann Street,Hoban Block,D,Ann Arbor,Michigan,"114 East Ann Street, Ann Arbor, Michigan","(42.2823447, -83.74829)",42.2823447,-83.74829
6,1,115,East Ann Street,Hoban Block,D,Ann Arbor,Michigan,"115 East Ann Street, Ann Arbor, Michigan","(42.2825071, -83.7477009)",42.2825071,-83.7477009
7,1,116,East Ann Street,Hoban Block,D,Ann Arbor,Michigan,"116 East Ann Street, Ann Arbor, Michigan","(42.2823439, -83.7482637)",42.2823439,-83.7482637
8,1,117,East Ann Street,Hoban Block,D,Ann Arbor,Michigan,"117 East Ann Street, Ann Arbor, Michigan","(42.28256409999999, -83.7476645)",42.28256409999999,-83.7476645
9,1,118,East Ann Street,Hoban Block,D,Ann Arbor,Michigan,"118 East Ann Street, Ann Arbor, Michigan","(42.2823432, -83.7482373)",42.2823432,-83.7482373
10,1,119,East Ann Street,Hoban Block,D,Ann Arbor,Michigan,"119 East Ann Street, Ann Arbor, Michigan","(42.2824396, -83.7476125)",42.2824396,-83.7476125
11,2,201,East Ann Street,Washtenaw Bank,D,Ann Arbor,Michigan,"201 East Ann Street, Ann Arbor, Michigan","(42.2824813, -83.74692809999999)",42.2824813,-83.74692809999999
12,2,202,East Ann Street,Washtenaw Bank,D,Ann Arbor,Michigan,"202 East Ann Street, Ann Arbor, Michigan","(42.282212, -83.7469491)",42.282212,-83.7469491
13,2,203,East Ann Street,Washtenaw Bank,D,Ann Arbor,Michigan,"203 East Ann Street, Ann Arbor, Michigan","(42.2824226, -83.7468871)",42.2824226,-83.7468871
14,2,204,East Ann Street,Washtenaw Bank,D,Ann Arbor,Michigan,"204 East Ann Street, Ann Arbor, Michigan","(42.2822115, -83.7469232)",42.2822115,-83.7469232
15,2,205,East Ann Street,Washtenaw Bank,D,Ann Arbor,Michigan,"205 East Ann Street, Ann Arbor, Michigan","(42.2824575, -83.7468426)",42.2824575,-83.7468426
16,2,206,East Ann Street,Washtenaw Bank,D,Ann Arbor,Michigan,"206 East Ann Street, Ann Arbor, Michigan","(42.2822109, -83.74689529999999)",42.2822109,-83.74689529999999
17,2,207,East Ann Street,Washtenaw Bank,D,Ann Arbor,Michigan,"207 East Ann Street, Ann Arbor, Michigan","(42.2824706, -83.7469307)",42.2824706,-83.7469307
18,2,208,East Ann Street,Washtenaw Bank,D,Ann Arbor,Michigan,"208 East Ann Street, Ann Arbor, Michigan","(42.2822103, -83.7468675)",42.2822103,-83.7468675
19,2,209,East Ann Street,Washtenaw Bank,D,Ann Arbor,Michigan,"209 East Ann Street, Ann Arbor, Michigan","(42.2824557, -83.74676)",42.2824557,-83.74676
20,2,210,East Ann Street,Washtenaw Bank,D,Ann Arbor,Michigan,"210 East Ann Street, Ann Arbor, Michigan","(42.2822098, -83.7468397)",42.2822098,-83.7468397
21,2,211,East Ann Street,Washtenaw Bank,D,Ann Arbor,Michigan,"211 East Ann Street, Ann Arbor, Michigan","(42.28247959999999, -83.74668419999999)",42.28247959999999,-83.74668419999999
22,3,223,East Ann Street,Ann Arbor Armory,D,Ann Arbor,Michigan,"223 East Ann Street, Ann Arbor, Michigan","(42.2825547, -83.746286)",42.2825547,-83.746286
23,4,311,East Ann Street,James F. Royce House,D,Ann Arbor,Michigan,"311 East Ann Street, Ann Arbor, Michigan","(42.2824884, -83.74549929999999)",42.2824884,-83.74549929999999
24,5,317,East Ann Street,George Corselius House,D,Ann Arbor,Michigan,"317 East Ann Street, Ann Arbor, Michigan","(42.28245889999999, -83.7452172)",42.28245889999999,-83.7452172
25,6,511,East Ann Street,Willcoxson-Easton House,D,Ann Arbor,Michigan,"511 East Ann Street, Ann Arbor, Michigan","(42.2824117, -83.74238629999999)",42.2824117,-83.74238629999999
26,7,712,East Ann Street,Moses and Jane Gunn House,D,Ann Arbor,Michigan,"712 East Ann Street, Ann Arbor, Michigan","(42.2819457, -83.7403058)",42.2819457,-83.7403058
27,8,920,East Ann Street,Keating Family House,D,Ann Arbor,Michigan,"920 East Ann Street, Ann Arbor, Michigan","(42.2819876, -83.7375278)",42.2819876,-83.7375278
28,9,1127,East Ann Street,Planada Apartments,D,Ann Arbor,Michigan,"1127 East Ann Street, Ann Arbor, Michigan","(42.2825457, -83.73440339999999)",42.2825457,-83.73440339999999
29,10,1308,East Ann Street,Detroit Observatory,D,Ann Arbor,Michigan,"1308 East Ann Street, Ann Arbor, Michigan","(42.2820565, -83.7325292)",42.2820565,-83.7325292
30,11,210,South Ashley Street,Herder Brothers,D,Ann Arbor,Michigan,"210 South Ashley Street, Ann Arbor, Michigan","(42.2799625, -83.7501667)",42.2799625,-83.7501667
31,12,416,South Ashley Street,"Toledo,Ann Arbor and Northern Michigan Railway Depot",D,Ann Arbor,Michigan,"416 South Ashley Street, Ann Arbor, Michigan","(42.27717029999999, -83.7502092)",42.27717029999999,-83.7502092
32,13,1000,Berkshire Road,Harry and Margaret Towsley House,E,Ann Arbor,Michigan,"1000 Berkshire Road, Ann Arbor, Michigan","(42.2697747, -83.7204955)",42.2697747,-83.7204955
33,14,1001,Broadway Street,Anson Brown Building,N,Ann Arbor,Michigan,"1001 Broadway Street, Ann Arbor, Michigan","(42.2892872, -83.7395555)",42.2892872,-83.7395555
34,14,1002,Broadway Street,Anson Brown Building,N,Ann Arbor,Michigan,"1002 Broadway Street, Ann Arbor, Michigan","(42.2892795, -83.7390605)",42.2892795,-83.7390605
35,14,1003,Broadway Street,Anson Brown Building,N,Ann Arbor,Michigan,"1003 Broadway Street, Ann Arbor, Michigan","(42.2892424, -83.73947319999999)",42.2892424,-83.73947319999999
36,14,1004,Broadway Street,Anson Brown Building,N,Ann Arbor,Michigan,"1004 Broadway Street, Ann Arbor, Michigan","(42.2892915, -83.7390387)",42.2892915,-83.7390387
37,14,1005,Broadway Street,Anson Brown Building,N,Ann Arbor,Michigan,"1005 Broadway Street, Ann Arbor, Michigan","(42.2892436, -83.739494)",42.2892436,-83.739494
38,14,1006,Broadway Street,Anson Brown Building,N,Ann Arbor,Michigan,"1006 Broadway Street, Ann Arbor, Michigan","(42.2893035, -83.7390168)",42.2893035,-83.7390168
39,14,1007,Broadway Street,Anson Brown Building,N,Ann Arbor,Michigan,"1007 Broadway Street, Ann Arbor, Michigan","(42.2892466, -83.7394887)",42.2892466,-83.7394887
40,15,201,Catherine Street,Davis Block-Agricultural Hall,D,Ann Arbor,Michigan,"201 Catherine Street, Ann Arbor, Michigan","(42.2835445, -83.7469307)",42.2835445,-83.7469307
41,16,216,Catherine Street,Anton Eisele House,D,Ann Arbor,Michigan,"216 Catherine Street, Ann Arbor, Michigan","(42.2830197, -83.7463708)",42.2830197,-83.7463708
42,17,324,Catherine Street,W. G. and Mary Foster House,D,Ann Arbor,Michigan,"324 Catherine Street, Ann Arbor, Michigan","(42.2829444, -83.74478409999999)",42.2829444,-83.74478409999999
43,18,1009,Cornwell Place,Wirt Cornwell House,D,Ann Arbor,Michigan,"1009 Cornwell Place, Ann Arbor, Michigan","(42.2847819, -83.73685210000001)",42.2847819,-83.73685210000001
44,19,1014,Cornwell Place,George Dock House,D,Ann Arbor,Michigan,"1014 Cornwell Place, Ann Arbor, Michigan","(42.2845439, -83.736515)",42.2845439,-83.736515
45,20,401,Depot Street,Michigan Central Depot,D,Ann Arbor,Michigan,"401 Depot Street, Ann Arbor, Michigan","(42.287162, -83.7415365)",42.287162,-83.7415365
46,21,417,Detroit Street,David Henning Cooper Shop,D,Ann Arbor,Michigan,"417 Detroit Street, Ann Arbor, Michigan","(42.284628, -83.7455853)",42.284628,-83.7455853
47,22,422,Detroit Street,Desderide Grocery Store,D,Ann Arbor,Michigan,"422 Detroit Street, Ann Arbor, Michigan","(42.2846194, -83.74505839999999)",42.2846194,-83.74505839999999
48,23,501,Detroit Street,Stofflet Block,D,Ann Arbor,Michigan,"501 Detroit Street, Ann Arbor, Michigan","(42.2850688, -83.7453017)",42.2850688,-83.7453017
49,23,502,Detroit Street,Stofflet Block,D,Ann Arbor,Michigan,"502 Detroit Street, Ann Arbor, Michigan","(42.2851139, -83.74460230000001)",42.2851139,-83.74460230000001
50,23,503,Detroit Street,Stofflet Block,D,Ann Arbor,Michigan,"503 Detroit Street, Ann Arbor, Michigan","(42.2850688, -83.7453017)",42.2850688,-83.7453017
51,23,504,Detroit Street,Stofflet Block,D,Ann Arbor,Michigan,"504 Detroit Street, Ann Arbor, Michigan","(42.2851264, -83.7445898)",42.2851264,-83.7445898
52,23,505,Detroit Street,Stofflet Block,D,Ann Arbor,Michigan,"505 Detroit Street, Ann Arbor, Michigan","(42.2850688, -83.7453017)",42.2850688,-83.7453017
53,23,506,Detroit Street,Stofflet Block,D,Ann Arbor,Michigan,"506 Detroit Street, Ann Arbor, Michigan","(42.2851388, -83.7445772)",42.2851388,-83.7445772
54,23,507,Detroit Street,Stofflet Block,D,Ann Arbor,Michigan,"507 Detroit Street, Ann Arbor, Michigan","(42.2850688, -83.7453017)",42.2850688,-83.7453017
55,24,529,Detroit Street,John G. Miller Planing Mill,D,Ann Arbor,Michigan,"529 Detroit Street, Ann Arbor, Michigan","(42.2857148, -83.74460289999999)",42.2857148,-83.74460289999999
56,25,1500,Dexter Avenue,Eunice Baldwin House,W,Ann Arbor,Michigan,"1500 Dexter Avenue, Ann Arbor, Michigan","(42.2822941, -83.7658752)",42.2822941,-83.7658752
57,26,120,North Division Street,George and Emma Wahr House,D,Ann Arbor,Michigan,"120 North Division Street, Ann Arbor, Michigan","(42.2820078, -83.743467)",42.2820078,-83.743467
58,27,121,North Division Street,Moses Rogers House,D,Ann Arbor,Michigan,"121 North Division Street, Ann Arbor, Michigan","(42.28205699999999, -83.74407630000002)",42.28205699999999,-83.74407630000002
59,28,126,North Division Street,Judge Robert S. Wilson House (Wilson-Wahr House),D,Ann Arbor,Michigan,"126 North Division Street, Ann Arbor, Michigan","(42.2821641, -83.7434006)",42.2821641,-83.7434006
60,29,205,North Division Street,Alonzo Palmer House (Laubengayer-Ryan House),D,Ann Arbor,Michigan,"205 North Division Street, Ann Arbor, Michigan","(42.2824566, -83.74409659999999)",42.2824566,-83.74409659999999
61,30,208,North Division Street,Ebenezer Wells House (Wells-Babcock House),D,Ann Arbor,Michigan,"208 North Division Street, Ann Arbor, Michigan","(42.2825578, -83.7432809)",42.2825578,-83.7432809
62,31,218,North Division Street,John W. Maynard House,D,Ann Arbor,Michigan,"218 North Division Street, Ann Arbor, Michigan","(42.2828867, -83.7433403)",42.2828867,-83.7433403
63,32,303,North Division Street,Andrew DeForest House,D,Ann Arbor,Michigan,"303 North Division Street, Ann Arbor, Michigan","(42.2833094, -83.7440262)",42.2833094,-83.7440262
64,33,306,North Division Street,St. Andrew's Episcopal Church,D,Ann Arbor,Michigan,"306 North Division Street, Ann Arbor, Michigan","(42.2832893, -83.74314869999999)",42.2832893,-83.74314869999999
65,34,406,North Division Street,George Rinsey House,D,Ann Arbor,Michigan,"406 North Division Street, Ann Arbor, Michigan","(42.2842067, -83.74321270000002)",42.2842067,-83.74321270000002
66,35,505,North Division Street,Clark Girls School,D,Ann Arbor,Michigan,"505 North Division Street, Ann Arbor, Michigan","(42.2849945, -83.7439792)",42.2849945,-83.7439792
67,36,538,North Division Street,Henry Cornwell House,D,Ann Arbor,Michigan,"538 North Division Street, Ann Arbor, Michigan","(42.2860112, -83.74308479999999)",42.2860112,-83.74308479999999
68,37,303,South Division Street,Emanuel Mann House,D,Ann Arbor,Michigan,"303 South Division Street, Ann Arbor, Michigan","(42.2793166, -83.7437933)",42.2793166,-83.7437933
69,38,312,South Division Street,Henry DeWitt Bennett House (Kempf House),D,Ann Arbor,Michigan,"312 South Division Street, Ann Arbor, Michigan","(42.2789906, -83.74438649999999)",42.2789906,-83.74438649999999
70,39,320,South Division Street,A. L. Noble House and Carriage House,D,Ann Arbor,Michigan,"320 South Division Street, Ann Arbor, Michigan","(42.2787595, -83.7444572)",42.2787595,-83.7444572
71,39,321,South Division Street,A. L. Noble House and Carriage House,D,Ann Arbor,Michigan,"321 South Division Street, Ann Arbor, Michigan","(42.2786783, -83.7437817)",42.2786783,-83.7437817
72,39,322,South Division Street,A. L. Noble House and Carriage House,D,Ann Arbor,Michigan,"322 South Division Street, Ann Arbor, Michigan","(42.278703, -83.7449201)",42.278703,-83.7449201
73,40,409,South Division Street,"First Church of Christ, Scientist",D,Ann Arbor,Michigan,"409 South Division Street, Ann Arbor, Michigan","(42.2774533, -83.74392999999999)",42.2774533,-83.74392999999999
74,41,530,South Division Street,John George Koch House,D,Ann Arbor,Michigan,"530 South Division Street, Ann Arbor, Michigan","(42.2751281, -83.7445765)",42.2751281,-83.7445765
75,42,17,Elizabeth Street,Complex of St. Thomas the Apostle,D,Ann Arbor,Michigan,"17 Elizabeth Street, Ann Arbor, Michigan","(42.2857168, -83.7417214)",42.2857168,-83.7417214
76,42,520,Elizabeth Street,Complex of St. Thomas the Apostle,D,Ann Arbor,Michigan,"520 Elizabeth Street, Ann Arbor, Michigan","(42.2854112, -83.7414794)",42.2854112,-83.7414794
77,42,530,Elizabeth Street,Complex of St. Thomas the Apostle,D,Ann Arbor,Michigan,"530 Elizabeth Street, Ann Arbor, Michigan","(42.2850737, -83.74145399999999)",42.2850737,-83.74145399999999
78,42,531,Elizabeth Street,Complex of St. Thomas the Apostle,D,Ann Arbor,Michigan,"531 Elizabeth Street, Ann Arbor, Michigan","(42.2857562, -83.7419682)",42.2857562,-83.7419682
79,42,532,Elizabeth Street,Complex of St. Thomas the Apostle,D,Ann Arbor,Michigan,"532 Elizabeth Street, Ann Arbor, Michigan","(42.2853505, -83.7417351)",42.2853505,-83.7417351
80,42,533,Elizabeth Street,Complex of St. Thomas the Apostle,D,Ann Arbor,Michigan,"533 Elizabeth Street, Ann Arbor, Michigan","(42.285825, -83.7419676)",42.285825,-83.7419676
81,42,534,Elizabeth Street,Complex of St. Thomas the Apostle,D,Ann Arbor,Michigan,"534 Elizabeth Street, Ann Arbor, Michigan","(42.2853505, -83.7417351)",42.2853505,-83.7417351
82,42,535,Elizabeth Street,Complex of St. Thomas the Apostle,D,Ann Arbor,Michigan,"535 Elizabeth Street, Ann Arbor, Michigan","(42.2858781, -83.74196359999999)",42.2858781,-83.74196359999999
83,42,536,Elizabeth Street,Complex of St. Thomas the Apostle,D,Ann Arbor,Michigan,"536 Elizabeth Street, Ann Arbor, Michigan","(42.2854467, -83.7414829)",42.2854467,-83.7414829
84,42,537,Elizabeth Street,Complex of St. Thomas the Apostle,D,Ann Arbor,Michigan,"537 Elizabeth Street, Ann Arbor, Michigan","(42.2859318, -83.74195569999999)",42.2859318,-83.74195569999999
85,42,538,Elizabeth Street,Complex of St. Thomas the Apostle,D,Ann Arbor,Michigan,"538 Elizabeth Street, Ann Arbor, Michigan","(42.285548, -83.74147909999999)",42.285548,-83.74147909999999
86,42,539,Elizabeth Street,Complex of St. Thomas the Apostle,D,Ann Arbor,Michigan,"539 Elizabeth Street, Ann Arbor, Michigan","(42.2859877, -83.7419595)",42.2859877,-83.7419595
87,42,540,Elizabeth Street,Complex of St. Thomas the Apostle,D,Ann Arbor,Michigan,"540 Elizabeth Street, Ann Arbor, Michigan","(42.2857363, -83.74141209999999)",42.2857363,-83.74141209999999
88,43,1111,Fair Oaks Parkway,James Petrie House,E,Ann Arbor,Michigan,"1111 Fair Oaks Parkway, Ann Arbor, Michigan","(42.2674098, -83.72367009999999)",42.2674098,-83.72367009999999
89,44,220,North Fifth Avenue,Jacob Vandawarker House,D,Ann Arbor,Michigan,"220 North Fifth Avenue, Ann Arbor, Michigan","(42.2830241, -83.7456692)",42.2830241,-83.7456692
90,45,301,North Fifth Avenue,Baumgardner's Barn,D,Ann Arbor,Michigan,"301 North Fifth Avenue, Ann Arbor, Michigan","(42.2833805, -83.7460898)",42.2833805,-83.7460898
91,46,716,North Fifth Avenue,John Adam Volz House,D,Ann Arbor,Michigan,"716 North Fifth Avenue, Ann Arbor, Michigan","(42.2870996, -83.74495979999999)",42.2870996,-83.74495979999999
92,47,724,North Fifth Avenue,Central Brewery,D,Ann Arbor,Michigan,"724 North Fifth Avenue, Ann Arbor, Michigan","(42.2873335, -83.74470889999999)",42.2873335,-83.74470889999999
93,48,415,South Fifth Avenue,Gaskell/Beakes House,D,Ann Arbor,Michigan,"415 South Fifth Avenue, Ann Arbor, Michigan","(42.2773387, -83.7458575)",42.2773387,-83.7458575
94,49,120,South First Street,Allmendinger Organ Factory,D,Ann Arbor,Michigan,"120 South First Street, Ann Arbor, Michigan","(42.2808743, -83.7512941)",42.2808743,-83.7512941
95,49,121,South First Street,Allmendinger Organ Factory,D,Ann Arbor,Michigan,"121 South First Street, Ann Arbor, Michigan","(42.281297, -83.75100169999999)",42.281297,-83.75100169999999
96,49,122,South First Street,Allmendinger Organ Factory,D,Ann Arbor,Michigan,"122 South First Street, Ann Arbor, Michigan","(42.2808755, -83.7510166)",42.2808755,-83.7510166
97,49,123,South First Street,Allmendinger Organ Factory,D,Ann Arbor,Michigan,"123 South First Street, Ann Arbor, Michigan","(42.2812784, -83.7510022)",42.2812784,-83.7510022
98,49,124,South First Street,Allmendinger Organ Factory,D,Ann Arbor,Michigan,"124 South First Street, Ann Arbor, Michigan","(42.2808751, -83.75127289999999)",42.2808751,-83.75127289999999
99,49,125,South First Street,Allmendinger Organ Factory,D,Ann Arbor,Michigan,"125 South First Street, Ann Arbor, Michigan","(42.28125989999999, -83.7510027)",42.28125989999999,-83.7510027
100,49,126,South First Street,Allmendinger Organ Factory,D,Ann Arbor,Michigan,"126 South First Street, Ann Arbor, Michigan","(42.2808678, -83.7512733)",42.2808678,-83.7512733
101,49,127,South First Street,Allmendinger Organ Factory,D,Ann Arbor,Michigan,"127 South First Street, Ann Arbor, Michigan","(42.2812413, -83.7510032)",42.2812413,-83.7510032
102,49,128,South First Street,Allmendinger Organ Factory,D,Ann Arbor,Michigan,"128 South First Street, Ann Arbor, Michigan","(42.28086039999999, -83.75127359999999)",42.28086039999999,-83.75127359999999
103,49,129,South First Street,Allmendinger Organ Factory,D,Ann Arbor,Michigan,"129 South First Street, Ann Arbor, Michigan","(42.28122279999999, -83.7510037)",42.28122279999999,-83.7510037
104,49,130,South First Street,Allmendinger Organ Factory,D,Ann Arbor,Michigan,"130 South First Street, Ann Arbor, Michigan","(42.280803, -83.7512636)",42.280803,-83.7512636
105,50,206,South First Street,City Brewery/Ann Arbor Central Mills,D,Ann Arbor,Michigan,"206 South First Street, Ann Arbor, Michigan","(42.2802433, -83.75141289999999)",42.2802433,-83.75141289999999
106,50,207,South First Street,City Brewery/Ann Arbor Central Mills,D,Ann Arbor,Michigan,"207 South First Street, Ann Arbor, Michigan","(42.2801593, -83.7507352)",42.2801593,-83.7507352
107,50,208,South First Street,City Brewery/Ann Arbor Central Mills,D,Ann Arbor,Michigan,"208 South First Street, Ann Arbor, Michigan","(42.2802523, -83.7513779)",42.2802523,-83.7513779
108,50,209,South First Street,City Brewery/Ann Arbor Central Mills,D,Ann Arbor,Michigan,"209 South First Street, Ann Arbor, Michigan","(42.2801465, -83.75073569999999)",42.2801465,-83.75073569999999
109,50,210,South First Street,City Brewery/Ann Arbor Central Mills,D,Ann Arbor,Michigan,"210 South First Street, Ann Arbor, Michigan","(42.2801311, -83.7513766)",42.2801311,-83.7513766
110,50,211,South First Street,City Brewery/Ann Arbor Central Mills,D,Ann Arbor,Michigan,"211 South First Street, Ann Arbor, Michigan","(42.2801337, -83.7507363)",42.2801337,-83.7507363
111,50,212,South First Street,City Brewery/Ann Arbor Central Mills,D,Ann Arbor,Michigan,"212 South First Street, Ann Arbor, Michigan","(42.2800462, -83.75134469999999)",42.2800462,-83.75134469999999
112,50,213,South First Street,City Brewery/Ann Arbor Central Mills,D,Ann Arbor,Michigan,"213 South First Street, Ann Arbor, Michigan","(42.2801208, -83.7507368)",42.2801208,-83.7507368
113,50,214,South First Street,City Brewery/Ann Arbor Central Mills,D,Ann Arbor,Michigan,"214 South First Street, Ann Arbor, Michigan","(42.2800073, -83.7513463)",42.2800073,-83.7513463
114,50,215,South First Street,City Brewery/Ann Arbor Central Mills,D,Ann Arbor,Michigan,"215 South First Street, Ann Arbor, Michigan","(42.280108, -83.7507374)",42.280108,-83.7507374
115,50,216,South First Street,City Brewery/Ann Arbor Central Mills,D,Ann Arbor,Michigan,"216 South First Street, Ann Arbor, Michigan","(42.2799685, -83.751348)",42.2799685,-83.751348
116,50,217,South First Street,City Brewery/Ann Arbor Central Mills,D,Ann Arbor,Michigan,"217 South First Street, Ann Arbor, Michigan","(42.2800952, -83.75073789999999)",42.2800952,-83.75073789999999
117,50,218,South First Street,City Brewery/Ann Arbor Central Mills,D,Ann Arbor,Michigan,"218 South First Street, Ann Arbor, Michigan","(42.2799228, -83.7510592)",42.2799228,-83.7510592
118,50,219,South First Street,City Brewery/Ann Arbor Central Mills,D,Ann Arbor,Michigan,"219 South First Street, Ann Arbor, Michigan","(42.2800823, -83.7507385)",42.2800823,-83.7507385
119,50,220,South First Street,City Brewery/Ann Arbor Central Mills,D,Ann Arbor,Michigan,"220 South First Street, Ann Arbor, Michigan","(42.2799228, -83.7510592)",42.2799228,-83.7510592
120,50,221,South First Street,City Brewery/Ann Arbor Central Mills,D,Ann Arbor,Michigan,"221 South First Street, Ann Arbor, Michigan","(42.2800695, -83.750739)",42.2800695,-83.750739
121,50,222,South First Street,City Brewery/Ann Arbor Central Mills,D,Ann Arbor,Michigan,"222 South First Street, Ann Arbor, Michigan","(42.2798852, -83.7513539)",42.2798852,-83.7513539
122,51,632,South First Street,Raab/Harlacher House,W,Ann Arbor,Michigan,"632 South First Street, Ann Arbor, Michigan","(42.2729758, -83.75130999999999)",42.2729758,-83.75130999999999
123,52,106,North Fourth Avenue,Land Title Building,D,Ann Arbor,Michigan,"106 North Fourth Avenue, Ann Arbor, Michigan","(42.2816945, -83.74694110000002)",42.2816945,-83.74694110000002
124,53,209,North Fourth Avenue,Kayser Block,D,Ann Arbor,Michigan,"209 North Fourth Avenue, Ann Arbor, Michigan","(42.2826946, -83.7474338)",42.2826946,-83.7474338
125,53,210,North Fourth Avenue,Kayser Block,D,Ann Arbor,Michigan,"210 North Fourth Avenue, Ann Arbor, Michigan","(42.2826985, -83.74692420000001)",42.2826985,-83.74692420000001
126,53,211,North Fourth Avenue,Kayser Block,D,Ann Arbor,Michigan,"211 North Fourth Avenue, Ann Arbor, Michigan","(42.2827459, -83.7474079)",42.2827459,-83.7474079
127,54,632,North Fourth Avenue,Bethel AME Church,D,Ann Arbor,Michigan,"632 North Fourth Avenue, Ann Arbor, Michigan","(42.286466, -83.7467025)",42.286466,-83.7467025
128,55,111,South Fourth Avenue,Heinrich Building,D,Ann Arbor,Michigan,"111 South Fourth Avenue, Ann Arbor, Michigan","(42.2809429, -83.7470696)",42.2809429,-83.7470696
129,56,402,South Fourth Avenue,Ottmar Eberbach House,D,Ann Arbor,Michigan,"402 South Fourth Avenue, Ann Arbor, Michigan","(42.2776929, -83.7479089)",42.2776929,-83.7479089
130,57,403,South Fourth Avenue,Joe T. Jacobs House (Muehlig Funeral Chapel),D,Ann Arbor,Michigan,"403 South Fourth Avenue, Ann Arbor, Michigan","(42.27764579999999, -83.74710669999999)",42.27764579999999,-83.74710669999999
131,58,423,South Fourth Avenue,Bethlehem Church,D,Ann Arbor,Michigan,"423 South Fourth Avenue, Ann Arbor, Michigan","(42.2769723, -83.747028)",42.2769723,-83.747028
132,59,445,South Fourth Avenue,George and Emma Wahr House,D,Ann Arbor,Michigan,"445 South Fourth Avenue, Ann Arbor, Michigan","(42.27644100000001, -83.7472109)",42.27644100000001,-83.7472109
133,60,405,Fourth Street,John Keck and Company (Argus Building),W,Ann Arbor,Michigan,"405 Fourth Street, Ann Arbor, Michigan","(42.277829, -83.7548134)",42.277829,-83.7548134
134,61,916,Fuller Road,Washtenaw Light and Power Building,D,Ann Arbor,Michigan,"916 Fuller Road, Ann Arbor, Michigan","(42.2853802, -83.73496469999999)",42.2853802,-83.73496469999999
135,62,2940,Fuller Road,Orrin White House,N,Ann Arbor,Michigan,"2940 Fuller Road, Ann Arbor, Michigan","(42.2783113, -83.702124)",42.2783113,-83.702124
136,63,1808,Hermitage Road,Marvin Ives House (The Hermitage),E,Ann Arbor,Michigan,"1808 Hermitage Road, Ann Arbor, Michigan","(42.2638801, -83.72329789999999)",42.2638801,-83.72329789999999
137,64,504,High Street,Union Church,D,Ann Arbor,Michigan,"504 High Street, Ann Arbor, Michigan","(42.2864373, -83.7420533)",42.2864373,-83.7420533
138,65,2301,Highland Road,James Inglis House,E,Ann Arbor,Michigan,"2301 Highland Road, Ann Arbor, Michigan","(42.277473, -83.717218)",42.277473,-83.717218
139,66,1310,Hill Street,Edward Campbell House,E,Ann Arbor,Michigan,"1310 Hill Street, Ann Arbor, Michigan","(42.2718632, -83.73266199999999)",42.2718632,-83.73266199999999
140,67,1315,Hill Street,Amariah Freeman House,E,Ann Arbor,Michigan,"1315 Hill Street, Ann Arbor, Michigan","(42.2724617, -83.7327042)",42.2724617,-83.7327042
141,68,1331,Hill Street,Delta Upsilon Fraternity,E,Ann Arbor,Michigan,"1331 Hill Street, Ann Arbor, Michigan","(42.2726009, -83.7320213)",42.2726009,-83.7320213
142,69,1335,Hill Street,Farwell Wilson House,E,Ann Arbor,Michigan,"1335 Hill Street, Ann Arbor, Michigan","(42.2725454, -83.73165809999999)",42.2725454,-83.73165809999999
143,70,1410,Hill Street,Paul C. Freer House (Schearer House),E,Ann Arbor,Michigan,"1410 Hill Street, Ann Arbor, Michigan","(42.271921, -83.7310193)",42.271921,-83.7310193
144,71,1530,Hill Street,J. D. Baldwin House,E,Ann Arbor,Michigan,"1530 Hill Street, Ann Arbor, Michigan","(42.272097, -83.7284889)",42.272097,-83.7284889
145,72,206,East Huron Street,Ann Arbor Tribune Building (Kleinschmidt Insurance Company),D,Ann Arbor,Michigan,"206 East Huron Street, Ann Arbor, Michigan","(42.2811731, -83.7468598)",42.2811731,-83.7468598
146,73,219,East Huron Street,Firemen's Hall,D,Ann Arbor,Michigan,"219 East Huron Street, Ann Arbor, Michigan","(42.28184, -83.746264)",42.28184,-83.746264
147,74,412,East Huron Street,Asahel Parkhurst House,D,Ann Arbor,Michigan,"412 East Huron Street, Ann Arbor, Michigan","(42.2810577, -83.7433672)",42.2810577,-83.7433672
148,75,502,East Huron Street,Silas Douglass House,D,Ann Arbor,Michigan,"502 East Huron Street, Ann Arbor, Michigan","(42.2809488, -83.7408028)",42.2809488,-83.7408028
149,76,512,East Huron Street,First Baptist Church,D,Ann Arbor,Michigan,"512 East Huron Street, Ann Arbor, Michigan","(42.2807617, -83.7424467)",42.2807617,-83.7424467
150,77,617,East Huron Street,Harris Hall,D,Ann Arbor,Michigan,"617 East Huron Street, Ann Arbor, Michigan","(42.28143, -83.74112939999999)",42.28143,-83.74112939999999
151,78,903,East Huron Street,Harvey Bannister House,D,Ann Arbor,Michigan,"903 East Huron Street, Ann Arbor, Michigan","(42.2814701, -83.7382169)",42.2814701,-83.7382169
152,79,1007,East Huron Street,Charles Whitman House,D,Ann Arbor,Michigan,"1007 East Huron Street, Ann Arbor, Michigan","(42.2816111, -83.73680590000001)",42.2816111,-83.73680590000001
153,80,116,West Huron Street,Ann Arbor Bus Depot,D,Ann Arbor,Michigan,"116 West Huron Street, Ann Arbor, Michigan","(42.281789, -83.74928299999999)",42.281789,-83.74928299999999
154,81,709,West Huron Street,John N. Gott House,W,Ann Arbor,Michigan,"709 West Huron Street, Ann Arbor, Michigan","(42.2813591, -83.75599849999999)",42.2813591,-83.75599849999999
155,82,921,West Huron Street,Martin and Helena Noll House,W,Ann Arbor,Michigan,"921 West Huron Street, Ann Arbor, Michigan","(42.2815086, -83.75961149999999)",42.2815086,-83.75961149999999
156,83,1020,West Huron Street,John M. Wheeler House,W,Ann Arbor,Michigan,"1020 West Huron Street, Ann Arbor, Michigan","(42.2820833, -83.76087609999999)",42.2820833,-83.76087609999999
157,84,114,North Ingalls Street,John and Electa Carman House,D,Ann Arbor,Michigan,"114 North Ingalls Street, Ann Arbor, Michigan","(42.2818145, -83.73820479999999)",42.2818145,-83.73820479999999
158,85,220,North Ingalls Street,Phi Rho Sigma Fraternity,D,Ann Arbor,Michigan,"220 North Ingalls Street, Ann Arbor, Michigan","(42.2828179, -83.73812029999999)",42.2828179,-83.73812029999999
159,86,321,North Ingalls Street,Reuben Kempf House,D,Ann Arbor,Michigan,"321 North Ingalls Street, Ann Arbor, Michigan","(42.28378250000001, -83.73887739999999)",42.28378250000001,-83.73887739999999
160,87,420,West Jefferson Street,J. Frederick Schaeberle House,W,Ann Arbor,Michigan,"420 West Jefferson Street, Ann Arbor, Michigan","(42.2761499, -83.75327419999999)",42.2761499,-83.75327419999999
161,88,520,West Jefferson Street,First German Methodist Church (Reorganized Church of Jesus Christ of Latter Day Saints),W,Ann Arbor,Michigan,"520 West Jefferson Street, Ann Arbor, Michigan","(42.2761742, -83.75453619999999)",42.2761742,-83.75453619999999
162,89,1327,Jones Drive,Northern Brewery,N,Ann Arbor,Michigan,"1327 Jones Drive, Ann Arbor, Michigan","(42.29265609999999, -83.73469779999999)",42.29265609999999,-83.73469779999999
163,90,324,East Kingsley Street,North District Public School,D,Ann Arbor,Michigan,"324 East Kingsley Street, Ann Arbor, Michigan","(42.2846366, -83.74465)",42.2846366,-83.74465
164,90,325,East Kingsley Street,North District Public School,D,Ann Arbor,Michigan,"325 East Kingsley Street, Ann Arbor, Michigan","(42.2850549, -83.7450046)",42.2850549,-83.7450046
165,90,326,East Kingsley Street,North District Public School,D,Ann Arbor,Michigan,"326 East Kingsley Street, Ann Arbor, Michigan","(42.2845846, -83.74466660000002)",42.2845846,-83.74466660000002
166,91,407,East Kingsley Street,John Lawrence House,D,Ann Arbor,Michigan,"407 East Kingsley Street, Ann Arbor, Michigan","(42.2850453, -83.74329469999999)",42.2850453,-83.74329469999999
167,92,809,East Kingsley Street,Kingsley Apartments,D,Ann Arbor,Michigan,"809 East Kingsley Street, Ann Arbor, Michigan","(42.2852761, -83.73940739999999)",42.2852761,-83.73940739999999
168,93,401,Lawrence Street,David Rinsey House,D,Ann Arbor,Michigan,"401 Lawrence Street, Ann Arbor, Michigan","(42.2840789, -83.7433637)",42.2840789,-83.7433637
169,94,601,Lawrence Street,Margaret Kearney House,D,Ann Arbor,Michigan,"601 Lawrence Street, Ann Arbor, Michigan","(42.2840785, -83.74185279999999)",42.2840785,-83.74185279999999
170,94,602,Lawrence Street,Margaret Kearney House,D,Ann Arbor,Michigan,"602 Lawrence Street, Ann Arbor, Michigan","(42.2835684, -83.741884)",42.2835684,-83.741884
171,94,603,Lawrence Street,Margaret Kearney House,D,Ann Arbor,Michigan,"603 Lawrence Street, Ann Arbor, Michigan","(42.2840534, -83.7418478)",42.2840534,-83.7418478
172,95,602,Lawrence Street,Thomas and Margaret Mitchell House (Gregory House),D,Ann Arbor,Michigan,"602 Lawrence Street, Ann Arbor, Michigan","(42.2835684, -83.741884)",42.2835684,-83.741884
173,96,221,East Liberty Street,Zwerdling-Darling Block,D,Ann Arbor,Michigan,"221 East Liberty Street, Ann Arbor, Michigan","(42.2797072, -83.7467879)",42.2797072,-83.7467879
174,96,222,East Liberty Street,Zwerdling-Darling Block,D,Ann Arbor,Michigan,"222 East Liberty Street, Ann Arbor, Michigan","(42.2792812, -83.7463927)",42.2792812,-83.7463927
175,96,223,East Liberty Street,Zwerdling-Darling Block,D,Ann Arbor,Michigan,"223 East Liberty Street, Ann Arbor, Michigan","(42.2797069, -83.74677779999999)",42.2797069,-83.74677779999999
176,96,224,East Liberty Street,Zwerdling-Darling Block,D,Ann Arbor,Michigan,"224 East Liberty Street, Ann Arbor, Michigan","(42.279281, -83.74638639999999)",42.279281,-83.74638639999999
177,96,225,East Liberty Street,Zwerdling-Darling Block,D,Ann Arbor,Michigan,"225 East Liberty Street, Ann Arbor, Michigan","(42.2797066, -83.7467676)",42.2797066,-83.7467676
178,96,226,East Liberty Street,Zwerdling-Darling Block,D,Ann Arbor,Michigan,"226 East Liberty Street, Ann Arbor, Michigan","(42.2792808, -83.74638010000001)",42.2792808,-83.74638010000001
179,96,227,East Liberty Street,Zwerdling-Darling Block,D,Ann Arbor,Michigan,"227 East Liberty Street, Ann Arbor, Michigan","(42.27951669999999, -83.7467674)",42.27951669999999,-83.7467674
180,96,228,East Liberty Street,Zwerdling-Darling Block,D,Ann Arbor,Michigan,"228 East Liberty Street, Ann Arbor, Michigan","(42.2792807, -83.7463739)",42.2792807,-83.7463739
181,96,229,East Liberty Street,Zwerdling-Darling Block,D,Ann Arbor,Michigan,"229 East Liberty Street, Ann Arbor, Michigan","(42.27951640000001, -83.7467573)",42.27951640000001,-83.7467573
182,96,230,East Liberty Street,Zwerdling-Darling Block,D,Ann Arbor,Michigan,"230 East Liberty Street, Ann Arbor, Michigan","(42.2792805, -83.7463676)",42.2792805,-83.7463676
183,96,231,East Liberty Street,Zwerdling-Darling Block,D,Ann Arbor,Michigan,"231 East Liberty Street, Ann Arbor, Michigan","(42.2795161, -83.7467471)",42.2795161,-83.7467471
184,96,232,East Liberty Street,Zwerdling-Darling Block,D,Ann Arbor,Michigan,"232 East Liberty Street, Ann Arbor, Michigan","(42.2792803, -83.74636129999999)",42.2792803,-83.74636129999999
185,96,233,East Liberty Street,Zwerdling-Darling Block,D,Ann Arbor,Michigan,"233 East Liberty Street, Ann Arbor, Michigan","(42.2795161, -83.7467471)",42.2795161,-83.7467471
186,96,234,East Liberty Street,Zwerdling-Darling Block,D,Ann Arbor,Michigan,"234 East Liberty Street, Ann Arbor, Michigan","(42.2792801, -83.7463551)",42.2792801,-83.7463551
187,96,235,East Liberty Street,Zwerdling-Darling Block,D,Ann Arbor,Michigan,"235 East Liberty Street, Ann Arbor, Michigan","(42.279705, -83.74671359999999)",42.279705,-83.74671359999999
188,96,236,East Liberty Street,Zwerdling-Darling Block,D,Ann Arbor,Michigan,"236 East Liberty Street, Ann Arbor, Michigan","(42.2792799, -83.74634879999999)",42.2792799,-83.74634879999999
189,96,237,East Liberty Street,Zwerdling-Darling Block,D,Ann Arbor,Michigan,"237 East Liberty Street, Ann Arbor, Michigan","(42.2797042, -83.74669109999999)",42.2797042,-83.74669109999999
190,96,238,East Liberty Street,Zwerdling-Darling Block,D,Ann Arbor,Michigan,"238 East Liberty Street, Ann Arbor, Michigan","(42.2792798, -83.74634259999999)",42.2792798,-83.74634259999999
191,96,239,East Liberty Street,Zwerdling-Darling Block,D,Ann Arbor,Michigan,"239 East Liberty Street, Ann Arbor, Michigan","(42.2797035, -83.74666859999999)",42.2797035,-83.74666859999999
192,96,240,East Liberty Street,Zwerdling-Darling Block,D,Ann Arbor,Michigan,"240 East Liberty Street, Ann Arbor, Michigan","(42.2792796, -83.74633630000001)",42.2792796,-83.74633630000001
193,96,241,East Liberty Street,Zwerdling-Darling Block,D,Ann Arbor,Michigan,"241 East Liberty Street, Ann Arbor, Michigan","(42.2797032, -83.7466494)",42.2797032,-83.7466494
194,96,242,East Liberty Street,Zwerdling-Darling Block,D,Ann Arbor,Michigan,"242 East Liberty Street, Ann Arbor, Michigan","(42.2792794, -83.74633)",42.2792794,-83.74633
195,96,243,East Liberty Street,Zwerdling-Darling Block,D,Ann Arbor,Michigan,"243 East Liberty Street, Ann Arbor, Michigan","(42.2796891, -83.7465912)",42.2796891,-83.7465912
196,96,244,East Liberty Street,Zwerdling-Darling Block,D,Ann Arbor,Michigan,"244 East Liberty Street, Ann Arbor, Michigan","(42.2792792, -83.7463238)",42.2792792,-83.7463238
197,96,245,East Liberty Street,Zwerdling-Darling Block,D,Ann Arbor,Michigan,"245 East Liberty Street, Ann Arbor, Michigan","(42.2796876, -83.7465404)",42.2796876,-83.7465404
198,96,246,East Liberty Street,Zwerdling-Darling Block,D,Ann Arbor,Michigan,"246 East Liberty Street, Ann Arbor, Michigan","(42.279279, -83.74631749999999)",42.279279,-83.74631749999999
199,96,247,East Liberty Street,Zwerdling-Darling Block,D,Ann Arbor,Michigan,"247 East Liberty Street, Ann Arbor, Michigan","(42.2796862, -83.7464897)",42.2796862,-83.7464897
200,96,248,East Liberty Street,Zwerdling-Darling Block,D,Ann Arbor,Michigan,"248 East Liberty Street, Ann Arbor, Michigan","(42.2792789, -83.7463113)",42.2792789,-83.7463113
201,96,249,East Liberty Street,Zwerdling-Darling Block,D,Ann Arbor,Michigan,"249 East Liberty Street, Ann Arbor, Michigan","(42.27968920000001, -83.7465024)",42.27968920000001,-83.7465024
202,96,250,East Liberty Street,Zwerdling-Darling Block,D,Ann Arbor,Michigan,"250 East Liberty Street, Ann Arbor, Michigan","(42.27927870000001, -83.74630499999999)",42.27927870000001,-83.74630499999999
203,96,251,East Liberty Street,Zwerdling-Darling Block,D,Ann Arbor,Michigan,"251 East Liberty Street, Ann Arbor, Michigan","(42.2797276, -83.74597279999999)",42.2797276,-83.74597279999999
204,96,252,East Liberty Street,Zwerdling-Darling Block,D,Ann Arbor,Michigan,"252 East Liberty Street, Ann Arbor, Michigan","(42.2792785, -83.7462987)",42.2792785,-83.7462987
205,96,253,East Liberty Street,Zwerdling-Darling Block,D,Ann Arbor,Michigan,"253 East Liberty Street, Ann Arbor, Michigan","(42.2796831, -83.74638379999999)",42.2796831,-83.74638379999999
206,96,254,East Liberty Street,Zwerdling-Darling Block,D,Ann Arbor,Michigan,"254 East Liberty Street, Ann Arbor, Michigan","(42.2792783, -83.74629250000001)",42.2792783,-83.74629250000001
207,96,255,East Liberty Street,Zwerdling-Darling Block,D,Ann Arbor,Michigan,"255 East Liberty Street, Ann Arbor, Michigan","(42.2796795, -83.74639820000002)",42.2796795,-83.74639820000002
208,96,256,East Liberty Street,Zwerdling-Darling Block,D,Ann Arbor,Michigan,"256 East Liberty Street, Ann Arbor, Michigan","(42.2792782, -83.7462862)",42.2792782,-83.7462862
209,96,257,East Liberty Street,Zwerdling-Darling Block,D,Ann Arbor,Michigan,"257 East Liberty Street, Ann Arbor, Michigan","(42.2796822, -83.7463496)",42.2796822,-83.7463496
210,96,258,East Liberty Street,Zwerdling-Darling Block,D,Ann Arbor,Michigan,"258 East Liberty Street, Ann Arbor, Michigan","(42.279278, -83.74628)",42.279278,-83.74628
211,96,259,East Liberty Street,Zwerdling-Darling Block,D,Ann Arbor,Michigan,"259 East Liberty Street, Ann Arbor, Michigan","(42.279682, -83.746343)",42.279682,-83.746343
212,96,260,East Liberty Street,Zwerdling-Darling Block,D,Ann Arbor,Michigan,"260 East Liberty Street, Ann Arbor, Michigan","(42.2792778, -83.7462737)",42.2792778,-83.7462737
213,96,261,East Liberty Street,Zwerdling-Darling Block,D,Ann Arbor,Michigan,"261 East Liberty Street, Ann Arbor, Michigan","(42.2796818, -83.74633639999999)",42.2796818,-83.74633639999999
214,96,262,East Liberty Street,Zwerdling-Darling Block,D,Ann Arbor,Michigan,"262 East Liberty Street, Ann Arbor, Michigan","(42.2792776, -83.7462674)",42.2792776,-83.7462674
215,96,263,East Liberty Street,Zwerdling-Darling Block,D,Ann Arbor,Michigan,"263 East Liberty Street, Ann Arbor, Michigan","(42.2796816, -83.74632989999999)",42.2796816,-83.74632989999999
216,96,264,East Liberty Street,Zwerdling-Darling Block,D,Ann Arbor,Michigan,"264 East Liberty Street, Ann Arbor, Michigan","(42.2792774, -83.74626119999999)",42.2792774,-83.74626119999999
217,96,265,East Liberty Street,Zwerdling-Darling Block,D,Ann Arbor,Michigan,"265 East Liberty Street, Ann Arbor, Michigan","(42.2796814, -83.7463233)",42.2796814,-83.7463233
218,96,266,East Liberty Street,Zwerdling-Darling Block,D,Ann Arbor,Michigan,"266 East Liberty Street, Ann Arbor, Michigan","(42.2792773, -83.7462549)",42.2792773,-83.7462549
219,96,267,East Liberty Street,Zwerdling-Darling Block,D,Ann Arbor,Michigan,"267 East Liberty Street, Ann Arbor, Michigan","(42.2796812, -83.7463167)",42.2796812,-83.7463167
220,96,268,East Liberty Street,Zwerdling-Darling Block,D,Ann Arbor,Michigan,"268 East Liberty Street, Ann Arbor, Michigan","(42.27927710000001, -83.7462486)",42.27927710000001,-83.7462486
221,96,269,East Liberty Street,Zwerdling-Darling Block,D,Ann Arbor,Michigan,"269 East Liberty Street, Ann Arbor, Michigan","(42.279681, -83.7463101)",42.279681,-83.7463101
222,96,270,East Liberty Street,Zwerdling-Darling Block,D,Ann Arbor,Michigan,"270 East Liberty Street, Ann Arbor, Michigan","(42.27927690000001, -83.7462424)",42.27927690000001,-83.7462424
223,96,271,East Liberty Street,Zwerdling-Darling Block,D,Ann Arbor,Michigan,"271 East Liberty Street, Ann Arbor, Michigan","(42.2796808, -83.7463035)",42.2796808,-83.7463035
224,96,272,East Liberty Street,Zwerdling-Darling Block,D,Ann Arbor,Michigan,"272 East Liberty Street, Ann Arbor, Michigan","(42.2792767, -83.74623609999999)",42.2792767,-83.74623609999999
225,96,273,East Liberty Street,Zwerdling-Darling Block,D,Ann Arbor,Michigan,"273 East Liberty Street, Ann Arbor, Michigan","(42.2796806, -83.7462969)",42.2796806,-83.7462969
226,96,274,East Liberty Street,Zwerdling-Darling Block,D,Ann Arbor,Michigan,"274 East Liberty Street, Ann Arbor, Michigan","(42.27927649999999, -83.7462299)",42.27927649999999,-83.7462299
227,96,275,East Liberty Street,Zwerdling-Darling Block,D,Ann Arbor,Michigan,"275 East Liberty Street, Ann Arbor, Michigan","(42.2796865, -83.7465158)",42.2796865,-83.7465158
228,96,276,East Liberty Street,Zwerdling-Darling Block,D,Ann Arbor,Michigan,"276 East Liberty Street, Ann Arbor, Michigan","(42.2792764, -83.7462236)",42.2792764,-83.7462236
229,96,277,East Liberty Street,Zwerdling-Darling Block,D,Ann Arbor,Michigan,"277 East Liberty Street, Ann Arbor, Michigan","(42.2796803, -83.74628369999999)",42.2796803,-83.74628369999999
230,96,278,East Liberty Street,Zwerdling-Darling Block,D,Ann Arbor,Michigan,"278 East Liberty Street, Ann Arbor, Michigan","(42.2792762, -83.7462173)",42.2792762,-83.7462173
231,96,279,East Liberty Street,Zwerdling-Darling Block,D,Ann Arbor,Michigan,"279 East Liberty Street, Ann Arbor, Michigan","(42.2796801, -83.7462771)",42.2796801,-83.7462771
232,96,280,East Liberty Street,Zwerdling-Darling Block,D,Ann Arbor,Michigan,"280 East Liberty Street, Ann Arbor, Michigan","(42.279276, -83.7462111)",42.279276,-83.7462111
233,96,281,East Liberty Street,Zwerdling-Darling Block,D,Ann Arbor,Michigan,"281 East Liberty Street, Ann Arbor, Michigan","(42.2796799, -83.7462706)",42.2796799,-83.7462706
234,96,282,East Liberty Street,Zwerdling-Darling Block,D,Ann Arbor,Michigan,"282 East Liberty Street, Ann Arbor, Michigan","(42.2792758, -83.7462048)",42.2792758,-83.7462048
235,96,283,East Liberty Street,Zwerdling-Darling Block,D,Ann Arbor,Michigan,"283 East Liberty Street, Ann Arbor, Michigan","(42.2796797, -83.746264)",42.2796797,-83.746264
236,96,284,East Liberty Street,Zwerdling-Darling Block,D,Ann Arbor,Michigan,"284 East Liberty Street, Ann Arbor, Michigan","(42.2792756, -83.7461986)",42.2792756,-83.7461986
237,96,285,East Liberty Street,Zwerdling-Darling Block,D,Ann Arbor,Michigan,"285 East Liberty Street, Ann Arbor, Michigan","(42.2796795, -83.74625739999999)",42.2796795,-83.74625739999999
238,96,286,East Liberty Street,Zwerdling-Darling Block,D,Ann Arbor,Michigan,"286 East Liberty Street, Ann Arbor, Michigan","(42.2792755, -83.74619229999999)",42.2792755,-83.74619229999999
239,96,287,East Liberty Street,Zwerdling-Darling Block,D,Ann Arbor,Michigan,"287 East Liberty Street, Ann Arbor, Michigan","(42.2796793, -83.7462508)",42.2796793,-83.7462508
240,96,288,East Liberty Street,Zwerdling-Darling Block,D,Ann Arbor,Michigan,"288 East Liberty Street, Ann Arbor, Michigan","(42.27927529999999, -83.74618600000001)",42.27927529999999,-83.74618600000001
241,96,289,East Liberty Street,Zwerdling-Darling Block,D,Ann Arbor,Michigan,"289 East Liberty Street, Ann Arbor, Michigan","(42.2796782, -83.74624430000001)",42.2796782,-83.74624430000001
242,96,290,East Liberty Street,Zwerdling-Darling Block,D,Ann Arbor,Michigan,"290 East Liberty Street, Ann Arbor, Michigan","(42.2794992, -83.746168)",42.2794992,-83.746168
243,96,291,East Liberty Street,Zwerdling-Darling Block,D,Ann Arbor,Michigan,"291 East Liberty Street, Ann Arbor, Michigan","(42.2796785, -83.7462221)",42.2796785,-83.7462221
244,96,292,East Liberty Street,Zwerdling-Darling Block,D,Ann Arbor,Michigan,"292 East Liberty Street, Ann Arbor, Michigan","(42.279499, -83.7461618)",42.279499,-83.7461618
245,96,293,East Liberty Street,Zwerdling-Darling Block,D,Ann Arbor,Michigan,"293 East Liberty Street, Ann Arbor, Michigan","(42.2796779, -83.7462)",42.2796779,-83.7462
246,97,321,East Liberty Street,Enoch James House,D,Ann Arbor,Michigan,"321 East Liberty Street, Ann Arbor, Michigan","(42.2796928, -83.7451686)",42.2796928,-83.7451686
247,98,519,East Liberty Street,Michigan Theater Building,D,Ann Arbor,Michigan,"519 East Liberty Street, Ann Arbor, Michigan","(42.279528, -83.74236739999999)",42.279528,-83.74236739999999
248,98,520,East Liberty Street,Michigan Theater Building,D,Ann Arbor,Michigan,"520 East Liberty Street, Ann Arbor, Michigan","(42.2792155, -83.7423067)",42.2792155,-83.7423067
249,98,521,East Liberty Street,Michigan Theater Building,D,Ann Arbor,Michigan,"521 East Liberty Street, Ann Arbor, Michigan","(42.2795542, -83.74229869999999)",42.2795542,-83.74229869999999
250,98,522,East Liberty Street,Michigan Theater Building,D,Ann Arbor,Michigan,"522 East Liberty Street, Ann Arbor, Michigan","(42.2792209, -83.74234790000001)",42.2792209,-83.74234790000001
251,98,523,East Liberty Street,Michigan Theater Building,D,Ann Arbor,Michigan,"523 East Liberty Street, Ann Arbor, Michigan","(42.2795251, -83.74227599999999)",42.2795251,-83.74227599999999
252,98,524,East Liberty Street,Michigan Theater Building,D,Ann Arbor,Michigan,"524 East Liberty Street, Ann Arbor, Michigan","(42.2792201, -83.7423219)",42.2792201,-83.7423219
253,98,525,East Liberty Street,Michigan Theater Building,D,Ann Arbor,Michigan,"525 East Liberty Street, Ann Arbor, Michigan","(42.2794862, -83.7422538)",42.2794862,-83.7422538
254,98,526,East Liberty Street,Michigan Theater Building,D,Ann Arbor,Michigan,"526 East Liberty Street, Ann Arbor, Michigan","(42.2792193, -83.742296)",42.2792193,-83.742296
255,98,527,East Liberty Street,Michigan Theater Building,D,Ann Arbor,Michigan,"527 East Liberty Street, Ann Arbor, Michigan","(42.2795096, -83.74227069999999)",42.2795096,-83.74227069999999
256,98,528,East Liberty Street,Michigan Theater Building,D,Ann Arbor,Michigan,"528 East Liberty Street, Ann Arbor, Michigan","(42.2792185, -83.7422701)",42.2792185,-83.7422701
257,98,529,East Liberty Street,Michigan Theater Building,D,Ann Arbor,Michigan,"529 East Liberty Street, Ann Arbor, Michigan","(42.27953429999999, -83.742127)",42.27953429999999,-83.742127
258,98,530,East Liberty Street,Michigan Theater Building,D,Ann Arbor,Michigan,"530 East Liberty Street, Ann Arbor, Michigan","(42.2792821, -83.7422404)",42.2792821,-83.7422404
259,98,531,East Liberty Street,Michigan Theater Building,D,Ann Arbor,Michigan,"531 East Liberty Street, Ann Arbor, Michigan","(42.2795193, -83.7420896)",42.2795193,-83.7420896
260,98,532,East Liberty Street,Michigan Theater Building,D,Ann Arbor,Michigan,"532 East Liberty Street, Ann Arbor, Michigan","(42.2792173, -83.7422325)",42.2792173,-83.7422325
261,98,533,East Liberty Street,Michigan Theater Building,D,Ann Arbor,Michigan,"533 East Liberty Street, Ann Arbor, Michigan","(42.2795181, -83.7420514)",42.2795181,-83.7420514
262,98,534,East Liberty Street,Michigan Theater Building,D,Ann Arbor,Michigan,"534 East Liberty Street, Ann Arbor, Michigan","(42.2792169, -83.7422208)",42.2792169,-83.7422208
263,98,535,East Liberty Street,Michigan Theater Building,D,Ann Arbor,Michigan,"535 East Liberty Street, Ann Arbor, Michigan","(42.2795053, -83.7420365)",42.2795053,-83.7420365
264,98,536,East Liberty Street,Michigan Theater Building,D,Ann Arbor,Michigan,"536 East Liberty Street, Ann Arbor, Michigan","(42.2792166, -83.7422091)",42.2792166,-83.7422091
265,98,537,East Liberty Street,Michigan Theater Building,D,Ann Arbor,Michigan,"537 East Liberty Street, Ann Arbor, Michigan","(42.2793714, -83.7420209)",42.2793714,-83.7420209
266,98,538,East Liberty Street,Michigan Theater Building,D,Ann Arbor,Michigan,"538 East Liberty Street, Ann Arbor, Michigan","(42.2792162, -83.7421975)",42.2792162,-83.7421975
267,98,539,East Liberty Street,Michigan Theater Building,D,Ann Arbor,Michigan,"539 East Liberty Street, Ann Arbor, Michigan","(42.2795079, -83.74198179999999)",42.2795079,-83.74198179999999
268,98,540,East Liberty Street,Michigan Theater Building,D,Ann Arbor,Michigan,"540 East Liberty Street, Ann Arbor, Michigan","(42.2792735, -83.7421825)",42.2792735,-83.7421825
269,98,541,East Liberty Street,Michigan Theater Building,D,Ann Arbor,Michigan,"541 East Liberty Street, Ann Arbor, Michigan","(42.2793704, -83.7419851)",42.2793704,-83.7419851
270,98,542,East Liberty Street,Michigan Theater Building,D,Ann Arbor,Michigan,"542 East Liberty Street, Ann Arbor, Michigan","(42.27921569999999, -83.74218049999999)",42.27921569999999,-83.74218049999999
271,98,543,East Liberty Street,Michigan Theater Building,D,Ann Arbor,Michigan,"543 East Liberty Street, Ann Arbor, Michigan","(42.2793703, -83.7419812)",42.2793703,-83.7419812
272,98,544,East Liberty Street,Michigan Theater Building,D,Ann Arbor,Michigan,"544 East Liberty Street, Ann Arbor, Michigan","(42.2792155, -83.74217510000001)",42.2792155,-83.74217510000001
273,98,545,East Liberty Street,Michigan Theater Building,D,Ann Arbor,Michigan,"545 East Liberty Street, Ann Arbor, Michigan","(42.2793701, -83.7419773)",42.2793701,-83.7419773
274,98,546,East Liberty Street,Michigan Theater Building,D,Ann Arbor,Michigan,"546 East Liberty Street, Ann Arbor, Michigan","(42.2792153, -83.74216969999999)",42.2792153,-83.74216969999999
275,98,547,East Liberty Street,Michigan Theater Building,D,Ann Arbor,Michigan,"547 East Liberty Street, Ann Arbor, Michigan","(42.27937, -83.74197339999999)",42.27937,-83.74197339999999
276,98,548,East Liberty Street,Michigan Theater Building,D,Ann Arbor,Michigan,"548 East Liberty Street, Ann Arbor, Michigan","(42.2792152, -83.7421643)",42.2792152,-83.7421643
277,98,549,East Liberty Street,Michigan Theater Building,D,Ann Arbor,Michigan,"549 East Liberty Street, Ann Arbor, Michigan","(42.2793699, -83.7419695)",42.2793699,-83.7419695
278,98,550,East Liberty Street,Michigan Theater Building,D,Ann Arbor,Michigan,"550 East Liberty Street, Ann Arbor, Michigan","(42.279215, -83.742159)",42.279215,-83.742159
279,98,551,East Liberty Street,Michigan Theater Building,D,Ann Arbor,Michigan,"551 East Liberty Street, Ann Arbor, Michigan","(42.2793698, -83.7419656)",42.2793698,-83.7419656
280,98,552,East Liberty Street,Michigan Theater Building,D,Ann Arbor,Michigan,"552 East Liberty Street, Ann Arbor, Michigan","(42.27921480000001, -83.7421536)",42.27921480000001,-83.7421536
281,98,553,East Liberty Street,Michigan Theater Building,D,Ann Arbor,Michigan,"553 East Liberty Street, Ann Arbor, Michigan","(42.2793697, -83.74196169999999)",42.2793697,-83.74196169999999
282,98,554,East Liberty Street,Michigan Theater Building,D,Ann Arbor,Michigan,"554 East Liberty Street, Ann Arbor, Michigan","(42.2792147, -83.7421482)",42.2792147,-83.7421482
283,98,555,East Liberty Street,Michigan Theater Building,D,Ann Arbor,Michigan,"555 East Liberty Street, Ann Arbor, Michigan","(42.27953369999999, -83.7419492)",42.27953369999999,-83.7419492
284,98,556,East Liberty Street,Michigan Theater Building,D,Ann Arbor,Michigan,"556 East Liberty Street, Ann Arbor, Michigan","(42.27921449999999, -83.74214289999999)",42.27921449999999,-83.74214289999999
285,98,557,East Liberty Street,Michigan Theater Building,D,Ann Arbor,Michigan,"557 East Liberty Street, Ann Arbor, Michigan","(42.2795336, -83.7419453)",42.2795336,-83.7419453
286,98,558,East Liberty Street,Michigan Theater Building,D,Ann Arbor,Michigan,"558 East Liberty Street, Ann Arbor, Michigan","(42.2792143, -83.7421375)",42.2792143,-83.7421375
287,98,559,East Liberty Street,Michigan Theater Building,D,Ann Arbor,Michigan,"559 East Liberty Street, Ann Arbor, Michigan","(42.2795335, -83.7419414)",42.2795335,-83.7419414
288,98,560,East Liberty Street,Michigan Theater Building,D,Ann Arbor,Michigan,"560 East Liberty Street, Ann Arbor, Michigan","(42.2792141, -83.74213209999999)",42.2792141,-83.74213209999999
289,98,561,East Liberty Street,Michigan Theater Building,D,Ann Arbor,Michigan,"561 East Liberty Street, Ann Arbor, Michigan","(42.2795334, -83.74193749999999)",42.2795334,-83.74193749999999
290,98,562,East Liberty Street,Michigan Theater Building,D,Ann Arbor,Michigan,"562 East Liberty Street, Ann Arbor, Michigan","(42.279214, -83.7421268)",42.279214,-83.7421268
291,98,563,East Liberty Street,Michigan Theater Building,D,Ann Arbor,Michigan,"563 East Liberty Street, Ann Arbor, Michigan","(42.2795333, -83.7419336)",42.2795333,-83.7419336
292,98,564,East Liberty Street,Michigan Theater Building,D,Ann Arbor,Michigan,"564 East Liberty Street, Ann Arbor, Michigan","(42.2792138, -83.7421214)",42.2792138,-83.7421214
293,98,565,East Liberty Street,Michigan Theater Building,D,Ann Arbor,Michigan,"565 East Liberty Street, Ann Arbor, Michigan","(42.2795332, -83.7419297)",42.2795332,-83.7419297
294,98,566,East Liberty Street,Michigan Theater Building,D,Ann Arbor,Michigan,"566 East Liberty Street, Ann Arbor, Michigan","(42.27921360000001, -83.742116)",42.27921360000001,-83.742116
295,98,567,East Liberty Street,Michigan Theater Building,D,Ann Arbor,Michigan,"567 East Liberty Street, Ann Arbor, Michigan","(42.27953309999999, -83.74192579999999)",42.27953309999999,-83.74192579999999
296,98,568,East Liberty Street,Michigan Theater Building,D,Ann Arbor,Michigan,"568 East Liberty Street, Ann Arbor, Michigan","(42.2792135, -83.7421107)",42.2792135,-83.7421107
297,98,569,East Liberty Street,Michigan Theater Building,D,Ann Arbor,Michigan,"569 East Liberty Street, Ann Arbor, Michigan","(42.2795329, -83.7419219)",42.2795329,-83.7419219
298,98,570,East Liberty Street,Michigan Theater Building,D,Ann Arbor,Michigan,"570 East Liberty Street, Ann Arbor, Michigan","(42.2792133, -83.74210529999999)",42.2792133,-83.74210529999999
299,98,571,East Liberty Street,Michigan Theater Building,D,Ann Arbor,Michigan,"571 East Liberty Street, Ann Arbor, Michigan","(42.2795328, -83.741918)",42.2795328,-83.741918
300,98,572,East Liberty Street,Michigan Theater Building,D,Ann Arbor,Michigan,"572 East Liberty Street, Ann Arbor, Michigan","(42.2792131, -83.7420999)",42.2792131,-83.7420999
301,98,573,East Liberty Street,Michigan Theater Building,D,Ann Arbor,Michigan,"573 East Liberty Street, Ann Arbor, Michigan","(42.2795327, -83.7419141)",42.2795327,-83.7419141
302,98,574,East Liberty Street,Michigan Theater Building,D,Ann Arbor,Michigan,"574 East Liberty Street, Ann Arbor, Michigan","(42.27921300000001, -83.7420946)",42.27921300000001,-83.7420946
303,98,575,East Liberty Street,Michigan Theater Building,D,Ann Arbor,Michigan,"575 East Liberty Street, Ann Arbor, Michigan","(42.2795326, -83.74191019999999)",42.2795326,-83.74191019999999
304,98,576,East Liberty Street,Michigan Theater Building,D,Ann Arbor,Michigan,"576 East Liberty Street, Ann Arbor, Michigan","(42.2792128, -83.7420892)",42.2792128,-83.7420892
305,98,577,East Liberty Street,Michigan Theater Building,D,Ann Arbor,Michigan,"577 East Liberty Street, Ann Arbor, Michigan","(42.27953249999999, -83.7419063)",42.27953249999999,-83.7419063
306,98,578,East Liberty Street,Michigan Theater Building,D,Ann Arbor,Michigan,"578 East Liberty Street, Ann Arbor, Michigan","(42.27921260000001, -83.7420838)",42.27921260000001,-83.7420838
307,98,579,East Liberty Street,Michigan Theater Building,D,Ann Arbor,Michigan,"579 East Liberty Street, Ann Arbor, Michigan","(42.2795324, -83.7419024)",42.2795324,-83.7419024
308,98,580,East Liberty Street,Michigan Theater Building,D,Ann Arbor,Michigan,"580 East Liberty Street, Ann Arbor, Michigan","(42.2792125, -83.74207849999999)",42.2792125,-83.74207849999999
309,98,581,East Liberty Street,Michigan Theater Building,D,Ann Arbor,Michigan,"581 East Liberty Street, Ann Arbor, Michigan","(42.2795323, -83.74189849999999)",42.2795323,-83.74189849999999
310,98,582,East Liberty Street,Michigan Theater Building,D,Ann Arbor,Michigan,"582 East Liberty Street, Ann Arbor, Michigan","(42.2792123, -83.7420731)",42.2792123,-83.7420731
311,98,583,East Liberty Street,Michigan Theater Building,D,Ann Arbor,Michigan,"583 East Liberty Street, Ann Arbor, Michigan","(42.2795322, -83.74189460000001)",42.2795322,-83.74189460000001
312,98,584,East Liberty Street,Michigan Theater Building,D,Ann Arbor,Michigan,"584 East Liberty Street, Ann Arbor, Michigan","(42.2792121, -83.74206769999999)",42.2792121,-83.74206769999999
313,98,585,East Liberty Street,Michigan Theater Building,D,Ann Arbor,Michigan,"585 East Liberty Street, Ann Arbor, Michigan","(42.279532, -83.7418907)",42.279532,-83.7418907
314,98,586,East Liberty Street,Michigan Theater Building,D,Ann Arbor,Michigan,"586 East Liberty Street, Ann Arbor, Michigan","(42.2792119, -83.7420624)",42.2792119,-83.7420624
315,98,587,East Liberty Street,Michigan Theater Building,D,Ann Arbor,Michigan,"587 East Liberty Street, Ann Arbor, Michigan","(42.27953189999999, -83.7418868)",42.27953189999999,-83.7418868
316,98,588,East Liberty Street,Michigan Theater Building,D,Ann Arbor,Michigan,"588 East Liberty Street, Ann Arbor, Michigan","(42.2792118, -83.742057)",42.2792118,-83.742057
317,98,589,East Liberty Street,Michigan Theater Building,D,Ann Arbor,Michigan,"589 East Liberty Street, Ann Arbor, Michigan","(42.2795318, -83.7418829)",42.2795318,-83.7418829
318,98,590,East Liberty Street,Michigan Theater Building,D,Ann Arbor,Michigan,"590 East Liberty Street, Ann Arbor, Michigan","(42.2792116, -83.7420516)",42.2792116,-83.7420516
319,98,591,East Liberty Street,Michigan Theater Building,D,Ann Arbor,Michigan,"591 East Liberty Street, Ann Arbor, Michigan","(42.2795317, -83.741879)",42.2795317,-83.741879
320,98,592,East Liberty Street,Michigan Theater Building,D,Ann Arbor,Michigan,"592 East Liberty Street, Ann Arbor, Michigan","(42.2793719, -83.742037)",42.2793719,-83.742037
321,98,593,East Liberty Street,Michigan Theater Building,D,Ann Arbor,Michigan,"593 East Liberty Street, Ann Arbor, Michigan","(42.2795316, -83.7418751)",42.2795316,-83.7418751
322,98,594,East Liberty Street,Michigan Theater Building,D,Ann Arbor,Michigan,"594 East Liberty Street, Ann Arbor, Michigan","(42.2793717, -83.7420316)",42.2793717,-83.7420316
323,98,595,East Liberty Street,Michigan Theater Building,D,Ann Arbor,Michigan,"595 East Liberty Street, Ann Arbor, Michigan","(42.2795315, -83.74187119999999)",42.2795315,-83.74187119999999
324,98,596,East Liberty Street,Michigan Theater Building,D,Ann Arbor,Michigan,"596 East Liberty Street, Ann Arbor, Michigan","(42.2793716, -83.74202629999999)",42.2793716,-83.74202629999999
325,98,597,East Liberty Street,Michigan Theater Building,D,Ann Arbor,Michigan,"597 East Liberty Street, Ann Arbor, Michigan","(42.2795314, -83.7418673)",42.2795314,-83.7418673
326,98,598,East Liberty Street,Michigan Theater Building,D,Ann Arbor,Michigan,"598 East Liberty Street, Ann Arbor, Michigan","(42.2793714, -83.7420209)",42.2793714,-83.7420209
327,98,599,East Liberty Street,Michigan Theater Building,D,Ann Arbor,Michigan,"599 East Liberty Street, Ann Arbor, Michigan","(42.2795313, -83.7418634)",42.2795313,-83.7418634
328,98,600,East Liberty Street,Michigan Theater Building,D,Ann Arbor,Michigan,"600 East Liberty Street, Ann Arbor, Michigan","(42.2791591, -83.74180679999999)",42.2791591,-83.74180679999999
329,98,601,East Liberty Street,Michigan Theater Building,D,Ann Arbor,Michigan,"601 East Liberty Street, Ann Arbor, Michigan","(42.2795131, -83.74189140000001)",42.2795131,-83.74189140000001
330,98,602,East Liberty Street,Michigan Theater Building,D,Ann Arbor,Michigan,"602 East Liberty Street, Ann Arbor, Michigan","(42.27921389999999, -83.74177979999999)",42.27921389999999,-83.74177979999999
331,98,603,East Liberty Street,Michigan Theater Building,D,Ann Arbor,Michigan,"603 East Liberty Street, Ann Arbor, Michigan","(42.2797545, -83.74196859999999)",42.2797545,-83.74196859999999
332,98,604,East Liberty Street,Michigan Theater Building,D,Ann Arbor,Michigan,"604 East Liberty Street, Ann Arbor, Michigan","(42.279248, -83.7417176)",42.279248,-83.7417176
333,98,605,East Liberty Street,Michigan Theater Building,D,Ann Arbor,Michigan,"605 East Liberty Street, Ann Arbor, Michigan","(42.2795268, -83.74170699999999)",42.2795268,-83.74170699999999
334,98,606,East Liberty Street,Michigan Theater Building,D,Ann Arbor,Michigan,"606 East Liberty Street, Ann Arbor, Michigan","(42.2792117, -83.7417044)",42.2792117,-83.7417044
335,98,607,East Liberty Street,Michigan Theater Building,D,Ann Arbor,Michigan,"607 East Liberty Street, Ann Arbor, Michigan","(42.27947380000001, -83.741684)",42.27947380000001,-83.741684
336,98,608,East Liberty Street,Michigan Theater Building,D,Ann Arbor,Michigan,"608 East Liberty Street, Ann Arbor, Michigan","(42.2791643, -83.74168759999999)",42.2791643,-83.74168759999999
337,98,609,East Liberty Street,Michigan Theater Building,D,Ann Arbor,Michigan,"609 East Liberty Street, Ann Arbor, Michigan","(42.2795401, -83.741621)",42.2795401,-83.741621
338,99,111,West Liberty Street,Ludwig Walz Grocery,D,Ann Arbor,Michigan,"111 West Liberty Street, Ann Arbor, Michigan","(42.2794297, -83.749192)",42.2794297,-83.749192
339,100,112,West Liberty Street,The Adam and Anton Schaeberle Buildings,D,Ann Arbor,Michigan,"112 West Liberty Street, Ann Arbor, Michigan","(42.2797817, -83.74931649999999)",42.2797817,-83.74931649999999
340,100,113,West Liberty Street,The Adam and Anton Schaeberle Buildings,D,Ann Arbor,Michigan,"113 West Liberty Street, Ann Arbor, Michigan","(42.2794239, -83.7493361)",42.2794239,-83.7493361
341,100,114,West Liberty Street,The Adam and Anton Schaeberle Buildings,D,Ann Arbor,Michigan,"114 West Liberty Street, Ann Arbor, Michigan","(42.2797862, -83.7493995)",42.2797862,-83.7493995
342,100,115,West Liberty Street,The Adam and Anton Schaeberle Buildings,D,Ann Arbor,Michigan,"115 West Liberty Street, Ann Arbor, Michigan","(42.2793889, -83.74942999999999)",42.2793889,-83.74942999999999
343,100,116,West Liberty Street,The Adam and Anton Schaeberle Buildings,D,Ann Arbor,Michigan,"116 West Liberty Street, Ann Arbor, Michigan","(42.2797927, -83.7494653)",42.2797927,-83.7494653
344,100,117,West Liberty Street,The Adam and Anton Schaeberle Buildings,D,Ann Arbor,Michigan,"117 West Liberty Street, Ann Arbor, Michigan","(42.2793911, -83.7495446)",42.2793911,-83.7495446
345,100,118,West Liberty Street,The Adam and Anton Schaeberle Buildings,D,Ann Arbor,Michigan,"118 West Liberty Street, Ann Arbor, Michigan","(42.2797977, -83.74953819999999)",42.2797977,-83.74953819999999
346,100,119,West Liberty Street,The Adam and Anton Schaeberle Buildings,D,Ann Arbor,Michigan,"119 West Liberty Street, Ann Arbor, Michigan","(42.2794178, -83.7495507)",42.2794178,-83.7495507
347,100,120,West Liberty Street,The Adam and Anton Schaeberle Buildings,D,Ann Arbor,Michigan,"120 West Liberty Street, Ann Arbor, Michigan","(42.2798116, -83.7496115)",42.2798116,-83.7496115
348,100,121,West Liberty Street,The Adam and Anton Schaeberle Buildings,D,Ann Arbor,Michigan,"121 West Liberty Street, Ann Arbor, Michigan","(42.2794179, -83.7495587)",42.2794179,-83.7495587
349,100,122,West Liberty Street,The Adam and Anton Schaeberle Buildings,D,Ann Arbor,Michigan,"122 West Liberty Street, Ann Arbor, Michigan","(42.279802, -83.74968989999999)",42.279802,-83.74968989999999
350,101,113,West Liberty Street,John Haarer Building,D,Ann Arbor,Michigan,"113 West Liberty Street, Ann Arbor, Michigan","(42.2794239, -83.7493361)",42.2794239,-83.7493361
351,102,115,West Liberty Street,Walker Brothers Buildings,D,Ann Arbor,Michigan,"115 West Liberty Street, Ann Arbor, Michigan","(42.2793889, -83.74942999999999)",42.2793889,-83.74942999999999
352,102,117,West Liberty Street,Walker Brothers Buildings,D,Ann Arbor,Michigan,"117 West Liberty Street, Ann Arbor, Michigan","(42.2793911, -83.7495446)",42.2793911,-83.7495446
353,102,118,West Liberty Street,Walker Brothers Buildings,D,Ann Arbor,Michigan,"118 West Liberty Street, Ann Arbor, Michigan","(42.2797977, -83.74953819999999)",42.2797977,-83.74953819999999
354,102,119,West Liberty Street,Walker Brothers Buildings,D,Ann Arbor,Michigan,"119 West Liberty Street, Ann Arbor, Michigan","(42.2794178, -83.7495507)",42.2794178,-83.7495507
355,103,326,West Liberty Street,Peter Brehm House,W,Ann Arbor,Michigan,"326 West Liberty Street, Ann Arbor, Michigan","(42.27948, -83.7523927)",42.27948,-83.7523927
356,104,408,West Liberty Street,Albert Mann House,W,Ann Arbor,Michigan,"408 West Liberty Street, Ann Arbor, Michigan","(42.279359, -83.752961)",42.279359,-83.752961
357,105,603,West Liberty Street,John and Andrew Jackson House,W,Ann Arbor,Michigan,"603 West Liberty Street, Ann Arbor, Michigan","(42.278451, -83.7550466)",42.278451,-83.7550466
358,106,626,West Liberty Street,William and Katherine Kuhn House,W,Ann Arbor,Michigan,"626 West Liberty Street, Ann Arbor, Michigan","(42.2787107, -83.7560317)",42.2787107,-83.7560317
359,107,706,West Liberty Street,John Christian Burkhart House,W,Ann Arbor,Michigan,"706 West Liberty Street, Ann Arbor, Michigan","(42.2786072, -83.75652339999999)",42.2786072,-83.75652339999999
360,108,818,West Liberty Street,John Hagen House,W,Ann Arbor,Michigan,"818 West Liberty Street, Ann Arbor, Michigan","(42.2782522, -83.7582817)",42.2782522,-83.7582817
361,109,902,West Liberty Street,Christian Walker House,W,Ann Arbor,Michigan,"902 West Liberty Street, Ann Arbor, Michigan","(42.272988, -83.7889026)",42.272988,-83.7889026
362,110,1422,West Liberty Street,Robert MacKenzie House (Anna Botsford Bach Home),W,Ann Arbor,Michigan,"1422 West Liberty Street, Ann Arbor, Michigan","(42.2768652, -83.76553779999999)",42.2768652,-83.76553779999999
363,111,1444,West Liberty Street,Jacob Beck House,W,Ann Arbor,Michigan,"1444 West Liberty Street, Ann Arbor, Michigan","(42.2770796, -83.766263)",42.2770796,-83.766263
364,112,219,North Main Street,Pardon Blocks,D,Ann Arbor,Michigan,"219 North Main Street, Ann Arbor, Michigan","(42.2830078, -83.7486941)",42.2830078,-83.7486941
365,112,220,North Main Street,Pardon Blocks,D,Ann Arbor,Michigan,"220 North Main Street, Ann Arbor, Michigan","(42.2829301, -83.74806590000001)",42.2829301,-83.74806590000001
366,112,221,North Main Street,Pardon Blocks,D,Ann Arbor,Michigan,"221 North Main Street, Ann Arbor, Michigan","(42.283114, -83.74869699999999)",42.283114,-83.74869699999999
367,112,222,North Main Street,Pardon Blocks,D,Ann Arbor,Michigan,"222 North Main Street, Ann Arbor, Michigan","(42.2827802, -83.7480731)",42.2827802,-83.7480731
368,112,223,North Main Street,Pardon Blocks,D,Ann Arbor,Michigan,"223 North Main Street, Ann Arbor, Michigan","(42.2831569, -83.7486163)",42.2831569,-83.7486163
369,113,220,North Main Street,United States Post Office,D,Ann Arbor,Michigan,"220 North Main Street, Ann Arbor, Michigan","(42.2829301, -83.74806590000001)",42.2829301,-83.74806590000001
370,114,301,North Main Street,Dr. Chase's Steam Printing House,D,Ann Arbor,Michigan,"301 North Main Street, Ann Arbor, Michigan","(42.2834289, -83.7488367)",42.2834289,-83.7488367
371,114,302,North Main Street,Dr. Chase's Steam Printing House,D,Ann Arbor,Michigan,"302 North Main Street, Ann Arbor, Michigan","(42.2834738, -83.74808399999999)",42.2834738,-83.74808399999999
372,114,303,North Main Street,Dr. Chase's Steam Printing House,D,Ann Arbor,Michigan,"303 North Main Street, Ann Arbor, Michigan","(42.2834839, -83.7487574)",42.2834839,-83.7487574
373,114,304,North Main Street,Dr. Chase's Steam Printing House,D,Ann Arbor,Michigan,"304 North Main Street, Ann Arbor, Michigan","(42.2835119, -83.74808089999999)",42.2835119,-83.74808089999999
374,114,305,North Main Street,Dr. Chase's Steam Printing House,D,Ann Arbor,Michigan,"305 North Main Street, Ann Arbor, Michigan","(42.2835222, -83.7487543)",42.2835222,-83.7487543
375,115,415,North Main Street,Thomas Earl House,D,Ann Arbor,Michigan,"415 North Main Street, Ann Arbor, Michigan","(42.2845287, -83.7486404)",42.2845287,-83.7486404
376,116,500,North Main Street,Kellogg-Warden House,D,Ann Arbor,Michigan,"500 North Main Street, Ann Arbor, Michigan","(42.2851292, -83.74803299999999)",42.2851292,-83.74803299999999
377,117,100,South Main Street,Glazier Building,D,Ann Arbor,Michigan,"100 South Main Street, Ann Arbor, Michigan","(42.2812815, -83.748756)",42.2812815,-83.748756
378,118,120,South Main Street,Bank Block (Goodyear's),D,Ann Arbor,Michigan,"120 South Main Street, Ann Arbor, Michigan","(42.280763, -83.748925)",42.280763,-83.748925
379,118,121,South Main Street,Bank Block (Goodyear's),D,Ann Arbor,Michigan,"121 South Main Street, Ann Arbor, Michigan","(42.2812433, -83.7482959)",42.2812433,-83.7482959
380,118,122,South Main Street,Bank Block (Goodyear's),D,Ann Arbor,Michigan,"122 South Main Street, Ann Arbor, Michigan","(42.2807292, -83.74910899999999)",42.2807292,-83.74910899999999
381,118,123,South Main Street,Bank Block (Goodyear's),D,Ann Arbor,Michigan,"123 South Main Street, Ann Arbor, Michigan","(42.28076799999999, -83.7481786)",42.28076799999999,-83.7481786
382,118,124,South Main Street,Bank Block (Goodyear's),D,Ann Arbor,Michigan,"124 South Main Street, Ann Arbor, Michigan","(42.2807133, -83.7488527)",42.2807133,-83.7488527
383,119,126,South Main Street,Philip Bach Building,D,Ann Arbor,Michigan,"126 South Main Street, Ann Arbor, Michigan","(42.2806818, -83.74894309999999)",42.2806818,-83.74894309999999
384,120,201,South Main Street,First National Bank Building,D,Ann Arbor,Michigan,"201 South Main Street, Ann Arbor, Michigan","(42.2802779, -83.748217)",42.2802779,-83.748217
385,120,202,South Main Street,First National Bank Building,D,Ann Arbor,Michigan,"202 South Main Street, Ann Arbor, Michigan","(42.280322, -83.74884519999999)",42.280322,-83.74884519999999
386,120,203,South Main Street,First National Bank Building,D,Ann Arbor,Michigan,"203 South Main Street, Ann Arbor, Michigan","(42.2802967, -83.7483136)",42.2802967,-83.7483136
387,121,301,South Main Street,Henry Binder's Hall,D,Ann Arbor,Michigan,"301 South Main Street, Ann Arbor, Michigan","(42.2794442, -83.7482343)",42.2794442,-83.7482343
388,122,319,South Main Street,Marchese Brothers Building,D,Ann Arbor,Michigan,"319 South Main Street, Ann Arbor, Michigan","(42.2789414, -83.7484656)",42.2789414,-83.7484656
389,122,320,South Main Street,Marchese Brothers Building,D,Ann Arbor,Michigan,"320 South Main Street, Ann Arbor, Michigan","(42.2787889, -83.7490468)",42.2787889,-83.7490468
390,122,321,South Main Street,Marchese Brothers Building,D,Ann Arbor,Michigan,"321 South Main Street, Ann Arbor, Michigan","(42.27886729999999, -83.74827669999999)",42.27886729999999,-83.74827669999999
391,122,322,South Main Street,Marchese Brothers Building,D,Ann Arbor,Michigan,"322 South Main Street, Ann Arbor, Michigan","(42.2787989, -83.74882649999999)",42.2787989,-83.74882649999999
392,122,323,South Main Street,Marchese Brothers Building,D,Ann Arbor,Michigan,"323 South Main Street, Ann Arbor, Michigan","(42.2788718, -83.7484877)",42.2788718,-83.7484877
393,122,324,South Main Street,Marchese Brothers Building,D,Ann Arbor,Michigan,"324 South Main Street, Ann Arbor, Michigan","(42.278762, -83.7488595)",42.278762,-83.7488595
394,122,325,South Main Street,Marchese Brothers Building,D,Ann Arbor,Michigan,"325 South Main Street, Ann Arbor, Michigan","(42.2788243, -83.74832239999999)",42.2788243,-83.74832239999999
395,123,723,Moore Street,Waite-Kellogg House,N,Ann Arbor,Michigan,"723 Moore Street, Ann Arbor, Michigan","(42.2904225, -83.73863639999999)",42.2904225,-83.73863639999999
396,124,415,Observatory Street,Forest Hill Cemetery,E,Ann Arbor,Michigan,"415 Observatory Street, Ann Arbor, Michigan","(42.278505, -83.727907)",42.278505,-83.727907
397,125,227,Orchard H1ills Drive,William and Mary Palmer House,E,Ann Arbor,Michigan,"227 Orchard H1ills Drive, Ann Arbor, Michigan","(42.2785837, -83.7157509)",42.2785837,-83.7157509
398,126,700,Oxford Road,Albert Lockwood House (Sigma Nu),E,Ann Arbor,Michigan,"700 Oxford Road, Ann Arbor, Michigan","(42.27270679999999, -83.72632)",42.27270679999999,-83.72632
399,127,120,Packard Road,William W. Wines House (Dean House),D,Ann Arbor,Michigan,"120 Packard Road, Ann Arbor, Michigan","(42.2760573, -83.74804619999999)",42.2760573,-83.74804619999999
400,128,2301,Packard Road,William Anderson House and Wisdom Chapel,E,Ann Arbor,Michigan,"2301 Packard Road, Ann Arbor, Michigan","(42.2546878, -83.7246663)",42.2546878,-83.7246663
401,129,2600,Packard Road,Stone School,E,Ann Arbor,Michigan,"2600 Packard Road, Ann Arbor, Michigan","(42.2469758, -83.7195789)",42.2469758,-83.7195789
402,130,2781,Packard Road,Benajah Ticknor Farm (Cobblestone Farm),E,Ann Arbor,Michigan,"2781 Packard Road, Ann Arbor, Michigan","(42.2455388, -83.7104834)",42.2455388,-83.7104834
403,131,1324,Pontiac Trail,Jonathan Lund House,N,Ann Arbor,Michigan,"1324 Pontiac Trail, Ann Arbor, Michigan","(42.2935486, -83.737844)",42.2935486,-83.737844
404,132,1425,Pontiac Trail,Guy Beckley House,N,Ann Arbor,Michigan,"1425 Pontiac Trail, Ann Arbor, Michigan","(42.2948986, -83.73835969999999)",42.2948986,-83.73835969999999
405,133,1709,Pontiac Trail,Josiah Beckley House,N,Ann Arbor,Michigan,"1709 Pontiac Trail, Ann Arbor, Michigan","(42.2986983, -83.7368681)",42.2986983,-83.7368681
406,134,1136,Prospect Street,Samuel Miller House,E,Ann Arbor,Michigan,"1136 Prospect Street, Ann Arbor, Michigan","(42.2679234, -83.7346999)",42.2679234,-83.7346999
407,135,631,Second Street,Wiegant-Hochrein House,W,Ann Arbor,Michigan,"631 Second Street, Ann Arbor, Michigan","(42.2729678, -83.7519653)",42.2729678,-83.7519653
408,136,502,Sixth Street,John Lucas House,W,Ann Arbor,Michigan,"502 Sixth Street, Ann Arbor, Michigan","(42.2757617, -83.757504)",42.2757617,-83.757504
409,137,100,North State Street,First Unitarian Church,D,Ann Arbor,Michigan,"100 North State Street, Ann Arbor, Michigan","(42.2814346, -83.74056449999999)",42.2814346,-83.74056449999999
410,138,110,North State Street,First Unitarian Church Parsonage,D,Ann Arbor,Michigan,"110 North State Street, Ann Arbor, Michigan","(42.28159549999999, -83.7406264)",42.28159549999999,-83.7406264
411,139,200,and 322 North State Street,Wil-Dean and Duncan Manor Apartments,D,Ann Arbor,Michigan,"200 and 322 North State Street, Ann Arbor, Michigan","(42.2837422, -83.7407085)",42.2837422,-83.7407085
412,140,307,North State Street,Hanorah and Ellen Morse House,D,Ann Arbor,Michigan,"307 North State Street, Ann Arbor, Michigan","(42.2833096, -83.7412757)",42.2833096,-83.7412757
413,141,406,North State Street,Enoch and Keziah Terhune House,D,Ann Arbor,Michigan,"406 North State Street, Ann Arbor, Michigan","(42.284113, -83.7407848)",42.284113,-83.7407848
414,142,410,North State Street,Society of Friends Meeting House,D,Ann Arbor,Michigan,"410 North State Street, Ann Arbor, Michigan","(42.2842894, -83.7407288)",42.2842894,-83.7407288
415,143,418,North State Street,Newton A. Prudden House,D,Ann Arbor,Michigan,"418 North State Street, Ann Arbor, Michigan","(42.2844738, -83.7407697)",42.2844738,-83.7407697
416,144,231,South State Street,State Theater,D,Ann Arbor,Michigan,"231 South State Street, Ann Arbor, Michigan","(42.2795454, -83.7404162)",42.2795454,-83.7404162
417,145,326,South State Street,Nickels Arcade,D,Ann Arbor,Michigan,"326 South State Street, Ann Arbor, Michigan","(42.2783814, -83.74157799999999)",42.2783814,-83.74157799999999
418,145,327,South State Street,Nickels Arcade,D,Ann Arbor,Michigan,"327 South State Street, Ann Arbor, Michigan","(42.2777239, -83.74076319999999)",42.2777239,-83.74076319999999
419,145,328,South State Street,Nickels Arcade,D,Ann Arbor,Michigan,"328 South State Street, Ann Arbor, Michigan","(42.27832590000001, -83.7415913)",42.27832590000001,-83.7415913
420,146,434,South State Street,Newberry Hall,D,Ann Arbor,Michigan,"434 South State Street, Ann Arbor, Michigan","(42.2767279, -83.7414991)",42.2767279,-83.7414991
421,147,730,Tappan Street,Memorial Christian Church,E,Ann Arbor,Michigan,"730 Tappan Street, Ann Arbor, Michigan","(42.2721938, -83.73854879999999)",42.2721938,-83.73854879999999
422,147,731,Tappan Street,Memorial Christian Church,E,Ann Arbor,Michigan,"731 Tappan Street, Ann Arbor, Michigan","(42.2729356, -83.73758099999999)",42.2729356,-83.73758099999999
423,147,732,Tappan Street,Memorial Christian Church,E,Ann Arbor,Michigan,"732 Tappan Street, Ann Arbor, Michigan","(42.2722505, -83.7385406)",42.2722505,-83.7385406
424,147,733,Tappan Street,Memorial Christian Church,E,Ann Arbor,Michigan,"733 Tappan Street, Ann Arbor, Michigan","(42.2729082, -83.7375802)",42.2729082,-83.7375802
425,147,734,Tappan Street,Memorial Christian Church,E,Ann Arbor,Michigan,"734 Tappan Street, Ann Arbor, Michigan","(42.2722422, -83.73854039999999)",42.2722422,-83.73854039999999
426,148,206,North Thayer Street,Thomas Ready House,D,Ann Arbor,Michigan,"206 North Thayer Street, Ann Arbor, Michigan","(42.2824567, -83.73944)",42.2824567,-83.73944
427,149,210,North Thayer Street,Patrick O'Hearn House,D,Ann Arbor,Michigan,"210 North Thayer Street, Ann Arbor, Michigan","(42.2825606, -83.7394516)",42.2825606,-83.7394516
428,150,212,Third Street,Katherine Staeb House,W,Ann Arbor,Michigan,"212 Third Street, Ann Arbor, Michigan","(42.2801975, -83.7539323)",42.2801975,-83.7539323
429,151,331,Thompson Street,St. Mary's Student Chapel,D,Ann Arbor,Michigan,"331 Thompson Street, Ann Arbor, Michigan","(42.2781877, -83.74294739999999)",42.2781877,-83.74294739999999
430,151,332,Thompson Street,St. Mary's Student Chapel,D,Ann Arbor,Michigan,"332 Thompson Street, Ann Arbor, Michigan","(42.278497, -83.74346129999999)",42.278497,-83.74346129999999
431,151,333,Thompson Street,St. Mary's Student Chapel,D,Ann Arbor,Michigan,"333 Thompson Street, Ann Arbor, Michigan","(42.278696, -83.74286699999999)",42.278696,-83.74286699999999
432,151,334,Thompson Street,St. Mary's Student Chapel,D,Ann Arbor,Michigan,"334 Thompson Street, Ann Arbor, Michigan","(42.2784608, -83.7434612)",42.2784608,-83.7434612
433,151,335,Thompson Street,St. Mary's Student Chapel,D,Ann Arbor,Michigan,"335 Thompson Street, Ann Arbor, Michigan","(42.278672, -83.74286699999999)",42.278672,-83.74286699999999
434,151,336,Thompson Street,St. Mary's Student Chapel,D,Ann Arbor,Michigan,"336 Thompson Street, Ann Arbor, Michigan","(42.2784245, -83.7434612)",42.2784245,-83.7434612
435,151,337,Thompson Street,St. Mary's Student Chapel,D,Ann Arbor,Michigan,"337 Thompson Street, Ann Arbor, Michigan","(42.2786479, -83.74286699999999)",42.2786479,-83.74286699999999
436,151,338,Thompson Street,St. Mary's Student Chapel,D,Ann Arbor,Michigan,"338 Thompson Street, Ann Arbor, Michigan","(42.2783883, -83.74346109999999)",42.2783883,-83.74346109999999
437,151,339,Thompson Street,St. Mary's Student Chapel,D,Ann Arbor,Michigan,"339 Thompson Street, Ann Arbor, Michigan","(42.2786238, -83.7428669)",42.2786238,-83.7428669
438,152,1219,Traver Street,Solomon and Jacob Armstrong Houses,N,Ann Arbor,Michigan,"1219 Traver Street, Ann Arbor, Michigan","(42.29239159999999, -83.7378279)",42.29239159999999,-83.7378279
439,152,1223,Traver Street,Solomon and Jacob Armstrong Houses,N,Ann Arbor,Michigan,"1223 Traver Street, Ann Arbor, Michigan","(42.292516, -83.7378282)",42.292516,-83.7378282
440,153,619,East University Avenue,Anberay Apartments,E,Ann Arbor,Michigan,"619 East University Avenue, Ann Arbor, Michigan","(42.2741666, -83.73543939999999)",42.2741666,-83.73543939999999
441,154,815,South University Avenue,University of Michigan President's House,E,Ann Arbor,Michigan,"815 South University Avenue, Ann Arbor, Michigan","(42.2753807, -83.7384888)",42.2753807,-83.7384888
442,155,947,Wall Street,Nathan Burnham House,N,Ann Arbor,Michigan,"947 Wall Street, Ann Arbor, Michigan","(42.28867890000001, -83.73722029999999)",42.28867890000001,-83.73722029999999
443,156,201,East Washington Street,Hoelzle Meat Market,D,Ann Arbor,Michigan,"201 East Washington Street, Ann Arbor, Michigan","(42.280574, -83.7471267)",42.280574,-83.7471267
444,157,216,East Washington Street,Frederick Sorg Block,D,Ann Arbor,Michigan,"216 East Washington Street, Ann Arbor, Michigan","(42.2802687, -83.7464786)",42.2802687,-83.7464786
445,157,217,East Washington Street,Frederick Sorg Block,D,Ann Arbor,Michigan,"217 East Washington Street, Ann Arbor, Michigan","(42.2805207, -83.74644479999999)",42.2805207,-83.74644479999999
446,157,218,East Washington Street,Frederick Sorg Block,D,Ann Arbor,Michigan,"218 East Washington Street, Ann Arbor, Michigan","(42.2802389, -83.7464124)",42.2802389,-83.7464124
447,158,219,East Washington Street,Weinmann Block,D,Ann Arbor,Michigan,"219 East Washington Street, Ann Arbor, Michigan","(42.2805842, -83.7463784)",42.2805842,-83.7463784
448,158,220,East Washington Street,Weinmann Block,D,Ann Arbor,Michigan,"220 East Washington Street, Ann Arbor, Michigan","(42.280206, -83.746346)",42.280206,-83.746346
449,158,221,East Washington Street,Weinmann Block,D,Ann Arbor,Michigan,"221 East Washington Street, Ann Arbor, Michigan","(42.2805309, -83.74632729999999)",42.2805309,-83.74632729999999
450,159,315,East Washington Street,Michigan Bell Telephone Company,D,Ann Arbor,Michigan,"315 East Washington Street, Ann Arbor, Michigan","(42.2806566, -83.74500119999999)",42.2806566,-83.74500119999999
451,159,316,East Washington Street,Michigan Bell Telephone Company,D,Ann Arbor,Michigan,"316 East Washington Street, Ann Arbor, Michigan","(42.2804005, -83.7453688)",42.2804005,-83.7453688
452,159,317,East Washington Street,Michigan Bell Telephone Company,D,Ann Arbor,Michigan,"317 East Washington Street, Ann Arbor, Michigan","(42.2806501, -83.7449901)",42.2806501,-83.7449901
453,159,318,East Washington Street,Michigan Bell Telephone Company,D,Ann Arbor,Michigan,"318 East Washington Street, Ann Arbor, Michigan","(42.2804005, -83.7453688)",42.2804005,-83.7453688
454,159,319,East Washington Street,Michigan Bell Telephone Company,D,Ann Arbor,Michigan,"319 East Washington Street, Ann Arbor, Michigan","(42.2806497, -83.7449786)",42.2806497,-83.7449786
455,159,320,East Washington Street,Michigan Bell Telephone Company,D,Ann Arbor,Michigan,"320 East Washington Street, Ann Arbor, Michigan","(42.2803973, -83.7452878)",42.2803973,-83.7452878
456,159,321,East Washington Street,Michigan Bell Telephone Company,D,Ann Arbor,Michigan,"321 East Washington Street, Ann Arbor, Michigan","(42.2806492, -83.744967)",42.2806492,-83.744967
457,159,322,East Washington Street,Michigan Bell Telephone Company,D,Ann Arbor,Michigan,"322 East Washington Street, Ann Arbor, Michigan","(42.2801349, -83.74492819999999)",42.2801349,-83.74492819999999
458,159,323,East Washington Street,Michigan Bell Telephone Company,D,Ann Arbor,Michigan,"323 East Washington Street, Ann Arbor, Michigan","(42.2806487, -83.7449555)",42.2806487,-83.7449555
459,160,322,East Washington Street,Jacob Hoffstetter House,D,Ann Arbor,Michigan,"322 East Washington Street, Ann Arbor, Michigan","(42.2801349, -83.74492819999999)",42.2801349,-83.74492819999999
460,161,332,East Washington Street,Methodist Episcopal Parsonage,D,Ann Arbor,Michigan,"332 East Washington Street, Ann Arbor, Michigan","(42.2801853, -83.7446784)",42.2801853,-83.7446784
461,162,411,East Washington Street,Albert Polhemus House,D,Ann Arbor,Michigan,"411 East Washington Street, Ann Arbor, Michigan","(42.2806097, -83.7434747)",42.2806097,-83.7434747
462,162,412,East Washington Street,Albert Polhemus House,D,Ann Arbor,Michigan,"412 East Washington Street, Ann Arbor, Michigan","(42.2803279, -83.7432054)",42.2803279,-83.7432054
463,162,413,East Washington Street,Albert Polhemus House,D,Ann Arbor,Michigan,"413 East Washington Street, Ann Arbor, Michigan","(42.2806083, -83.7433484)",42.2806083,-83.7433484
464,163,119,West Washington Street,Germania Hotel,D,Ann Arbor,Michigan,"119 West Washington Street, Ann Arbor, Michigan","(42.2804248, -83.7494586)",42.2804248,-83.7494586
465,163,120,West Washington Street,Germania Hotel,D,Ann Arbor,Michigan,"120 West Washington Street, Ann Arbor, Michigan","(42.28072299999999, -83.74957959999999)",42.28072299999999,-83.74957959999999
466,163,121,West Washington Street,Germania Hotel,D,Ann Arbor,Michigan,"121 West Washington Street, Ann Arbor, Michigan","(42.2803142, -83.7495862)",42.2803142,-83.7495862
467,163,122,West Washington Street,Germania Hotel,D,Ann Arbor,Michigan,"122 West Washington Street, Ann Arbor, Michigan","(42.2807203, -83.74964840000001)",42.2807203,-83.74964840000001
468,163,123,West Washington Street,Germania Hotel,D,Ann Arbor,Michigan,"123 West Washington Street, Ann Arbor, Michigan","(42.28033900000001, -83.7496891)",42.28033900000001,-83.7496891
469,164,122,West Washington Street,John Wagner Jr. Blacksmith Shop,D,Ann Arbor,Michigan,"122 West Washington Street, Ann Arbor, Michigan","(42.2807203, -83.74964840000001)",42.2807203,-83.74964840000001
470,165,719,West Washington Street,David F. Allmendinger House,W,Ann Arbor,Michigan,"719 West Washington Street, Ann Arbor, Michigan","(42.2805269, -83.7563072)",42.2805269,-83.7563072
471,166,1443,Washtenaw Avenue,Phi Kappa Sigma Fraternity (Trotter House),E,Ann Arbor,Michigan,"1443 Washtenaw Avenue, Ann Arbor, Michigan","(42.2744781, -83.7299622)",42.2744781,-83.7299622
472,167,1547,Washtenaw Avenue,Henry Simmons Frieze House,E,Ann Arbor,Michigan,"1547 Washtenaw Avenue, Ann Arbor, Michigan","(42.2732964, -83.7277058)",42.2732964,-83.7277058
473,168,1550,Washtenaw Avenue,Phi Kappa Psi Fraternity (Zeta Tau Alpha Sorority),E,Ann Arbor,Michigan,"1550 Washtenaw Avenue, Ann Arbor, Michigan","(42.2728892, -83.7296022)",42.2728892,-83.7296022
474,169,1555,Washtenaw Avenue,Edward Campbell House (Campbell-Hays House),E,Ann Arbor,Michigan,"1555 Washtenaw Avenue, Ann Arbor, Michigan","(42.2729221, -83.7276047)",42.2729221,-83.7276047
475,170,1850,Washtenaw Avenue,Edward Adams House,E,Ann Arbor,Michigan,"1850 Washtenaw Avenue, Ann Arbor, Michigan","(42.2686193, -83.7238181)",42.2686193,-83.7238181
476,171,1917,Washtenaw Avenue,Dean Myers House (First Unitarian Church),E,Ann Arbor,Michigan,"1917 Washtenaw Avenue, Ann Arbor, Michigan","(42.2684712, -83.7223111)",42.2684712,-83.7223111
477,172,2015,Washtenaw Avenue,Leander Hoover Mansion,E,Ann Arbor,Michigan,"2015 Washtenaw Avenue, Ann Arbor, Michigan","(42.266952, -83.71914389999999)",42.266952,-83.71914389999999
478,173,2117,Washtenaw Avenue,Bell-Spaulding House (Tuomy House),E,Ann Arbor,Michigan,"2117 Washtenaw Avenue, Ann Arbor, Michigan","(42.2652096, -83.71820129999999)",42.2652096,-83.71820129999999
479,174,2220,Washtenaw Avenue,Hildene Manor,E,Ann Arbor,Michigan,"2220 Washtenaw Avenue, Ann Arbor, Michigan","(42.2637182, -83.717546)",42.2637182,-83.717546
480,175,2460,Washtenaw Avenue,Tuomy Hills Gas Station,E,Ann Arbor,Michigan,"2460 Washtenaw Avenue, Ann Arbor, Michigan","(42.2596035, -83.7120946)",42.2596035,-83.7120946
481,176,608,East William Street,First Congregational Church,D,Ann Arbor,Michigan,"608 East William Street, Ann Arbor, Michigan","(42.2775852, -83.74134169999999)",42.2775852,-83.74134169999999
482,177,611,East William Street,DKE Shant,D,Ann Arbor,Michigan,"611 East William Street, Ann Arbor, Michigan","(42.2780571, -83.74144079999999)",42.2780571,-83.74144079999999
483,178,1115,Woodlawn Street,Christian Eberbach House,E,Ann Arbor,Michigan,"1115 Woodlawn Street, Ann Arbor, Michigan","(42.2658693, -83.7335499)",42.2658693,-83.7335499
